insert into MAHASISWA (NPM, nama, username, password, email, email_alternatif, telepon, notelp) values (1406775395, 'Charles Torres', 'ctorres0', 'wHdk4S7pt7oR', 'ctorres0@va.gov', 'ctorres0@hao123.com', '86-(428)379-1568', '33-(483)688-5884');
insert into MAHASISWA (NPM, nama, username, password, email, email_alternatif, telepon, notelp) values (1406589125, 'Ashley Shaw', 'ashaw1', 'zHkiJ5dcc', 'ashaw1@skype.com', 'ashaw1@icq.com', '86-(756)263-7941', '63-(690)290-6334');
insert into MAHASISWA (NPM, nama, username, password, email, email_alternatif, telepon, notelp) values (1406756652, 'Virginia Vasquez', 'vvasquez2', 'qJGiw7', 'vvasquez2@hugedomains.com', null, null, null);
insert into MAHASISWA (NPM, nama, username, password, email, email_alternatif, telepon, notelp) values (1406863352, 'Heather Gray', 'hgray3', 'GYtl9j1q', 'hgray3@infoseek.co.jp', 'hgray3@wunderground.com', '62-(665)148-9731', '86-(765)848-3897');
insert into MAHASISWA (NPM, nama, username, password, email, email_alternatif, telepon, notelp) values (1406494452, 'Janice Stanley', 'jstanley4', 'TDvK8Bjb28B', 'jstanley4@surveymonkey.com', 'jstanley4@weather.com', '30-(867)110-4350', '30-(697)651-3981');
insert into MAHASISWA (NPM, nama, username, password, email, email_alternatif, telepon, notelp) values (1406932883, 'Karen Ortiz', 'kortiz5', 'oTbGD4Ft', 'kortiz5@shop-pro.jp', 'kortiz5@apache.org', '46-(580)572-6667', '63-(425)266-7476');
insert into MAHASISWA (NPM, nama, username, password, email, email_alternatif, telepon, notelp) values (1406551637, 'Steven Medina', 'smedina6', 'CO1TXyUl0uR', 'smedina6@sciencedirect.com', 'smedina6@nytimes.com', '86-(504)667-4480', '86-(571)279-5719');
insert into MAHASISWA (NPM, nama, username, password, email, email_alternatif, telepon, notelp) values (1406081107, 'Linda Morris', 'lmorris7', 'A1ZP9bIR2J', 'lmorris7@icio.us', 'lmorris7@phoca.cz', '7-(463)383-9469', '63-(361)489-9250');
insert into MAHASISWA (NPM, nama, username, password, email, email_alternatif, telepon, notelp) values (1406948997, 'Matthew Adams', 'madams8', 'DH7Gvg', 'madams8@npr.org', 'madams8@google.cn', '7-(583)957-6849', '33-(372)692-9995');
insert into MAHASISWA (NPM, nama, username, password, email, email_alternatif, telepon, notelp) values (1406485451, 'Kathy Montgomery', 'kmontgomery9', 'GFnfFMtY', 'kmontgomery9@mapy.cz', 'kmontgomery9@skype.com', '86-(469)157-4248', '55-(352)357-0669');
insert into MAHASISWA (NPM, nama, username, password, email, email_alternatif, telepon, notelp) values (1406708548, 'Sean Welch', 'swelcha', 'ksSF27Xyf9b', 'swelcha@constantcontact.com', null, null, null);
insert into MAHASISWA (NPM, nama, username, password, email, email_alternatif, telepon, notelp) values (1406716900, 'Steven Bell', 'sbellb', 'WGZAdhrdb', 'sbellb@stumbleupon.com', 'sbellb@vinaora.com', '7-(459)886-0641', '972-(967)861-1811');
insert into MAHASISWA (NPM, nama, username, password, email, email_alternatif, telepon, notelp) values (1406176877, 'Wanda Cooper', 'wcooperc', 'fXvDEkZka1', 'wcooperc@mozilla.org', 'wcooperc@xing.com', '86-(800)587-6087', '33-(169)468-5663');
insert into MAHASISWA (NPM, nama, username, password, email, email_alternatif, telepon, notelp) values (1406094602, 'Robin Cox', 'rcoxd', 'KvoNFiKo', 'rcoxd@pbs.org', 'rcoxd@soup.io', '57-(657)598-6208', '63-(554)511-0908');
insert into MAHASISWA (NPM, nama, username, password, email, email_alternatif, telepon, notelp) values (1406253457, 'Virginia Powell', 'vpowelle', 'rmIhApQ1H1X', 'vpowelle@biblegateway.com', 'vpowelle@fema.gov', '86-(182)610-5263', '1-(515)370-6333');
insert into MAHASISWA (NPM, nama, username, password, email, email_alternatif, telepon, notelp) values (1406360534, 'Clarence West', 'cwestf', 'TvMwi4GI3bP', 'cwestf@trellian.com', 'cwestf@de.vu', '98-(984)400-4030', '86-(628)992-4891');
insert into MAHASISWA (NPM, nama, username, password, email, email_alternatif, telepon, notelp) values (1406500890, 'Martha Larson', 'mlarsong', '5k1OLgTTk', 'mlarsong@cmu.edu', 'mlarsong@usatoday.com', '233-(665)135-2167', '86-(656)213-4223');
insert into MAHASISWA (NPM, nama, username, password, email, email_alternatif, telepon, notelp) values (1406103118, 'Alan Murray', 'amurrayh', 'VZ3IdNc7lMO', 'amurrayh@hexun.com', 'amurrayh@gravatar.com', '86-(331)686-9091', '63-(322)724-9397');
insert into MAHASISWA (NPM, nama, username, password, email, email_alternatif, telepon, notelp) values (1406216373, 'Lois Day', 'ldayi', 'HSW7KcCM', 'ldayi@va.gov', 'ldayi@ft.com', '55-(210)219-1166', '60-(102)892-6301');
insert into MAHASISWA (NPM, nama, username, password, email, email_alternatif, telepon, notelp) values (1406047090, 'Juan Thomas', 'jthomasj', '7bysDsfSF', 'jthomasj@nasa.gov', 'jthomasj@sitemeter.com', '381-(808)143-6654', '351-(524)712-1475');
insert into MAHASISWA (NPM, nama, username, password, email, email_alternatif, telepon, notelp) values (1406214144, 'Catherine Stephens', 'cstephensk', 'aR1o4bibBz', 'cstephensk@joomla.org', 'cstephensk@economist.com', '62-(419)337-8777', '420-(740)827-2827');
insert into MAHASISWA (NPM, nama, username, password, email, email_alternatif, telepon, notelp) values (1406047232, 'Doris Hawkins', 'dhawkinsl', '1g1bZEL1', 'dhawkinsl@wsj.com', 'dhawkinsl@goodreads.com', '33-(763)870-5881', '86-(675)275-7214');
insert into MAHASISWA (NPM, nama, username, password, email, email_alternatif, telepon, notelp) values (1406368606, 'Willie Warren', 'wwarrenm', '7nmrdYr', 'wwarrenm@si.edu', 'wwarrenm@joomla.org', '86-(504)398-3638', '86-(580)548-5145');
insert into MAHASISWA (NPM, nama, username, password, email, email_alternatif, telepon, notelp) values (1406382907, 'Louise Powell', 'lpowelln', 'Y4lNByR4', 'lpowelln@hubpages.com', 'lpowelln@apache.org', '1-(977)436-6376', '86-(301)410-8489');
insert into MAHASISWA (NPM, nama, username, password, email, email_alternatif, telepon, notelp) values (1406670744, 'Pamela Meyer', 'pmeyero', '3x7nOBJFOHJ', 'pmeyero@pcworld.com', 'pmeyero@cam.ac.uk', '63-(896)151-4720', '55-(552)282-0390');
insert into MAHASISWA (NPM, nama, username, password, email, email_alternatif, telepon, notelp) values (1406606526, 'Wanda Bryant', 'wbryantp', 'JjKOra6B', 'wbryantp@cbslocal.com', 'wbryantp@desdev.cn', '86-(323)651-3541', '1-(254)405-0238');
insert into MAHASISWA (NPM, nama, username, password, email, email_alternatif, telepon, notelp) values (1406937426, 'Anthony Morgan', 'amorganq', '13LSiy', 'amorganq@dell.com', 'amorganq@usa.gov', '62-(145)577-6712', '263-(553)653-0977');
insert into MAHASISWA (NPM, nama, username, password, email, email_alternatif, telepon, notelp) values (1406616797, 'Debra Wells', 'dwellsr', 'ONc3sL6aPM', 'dwellsr@amazon.com', 'dwellsr@hc360.com', '385-(391)100-1755', '62-(847)732-6545');
insert into MAHASISWA (NPM, nama, username, password, email, email_alternatif, telepon, notelp) values (1406532814, 'Janet Kelly', 'jkellys', 'sGXf2PtuXRN', 'jkellys@europa.eu', 'jkellys@japanpost.jp', '62-(659)244-7749', '355-(258)588-1609');
insert into MAHASISWA (NPM, nama, username, password, email, email_alternatif, telepon, notelp) values (1406502673, 'Justin Marshall', 'jmarshallt', 'dYTFahOm', 'jmarshallt@meetup.com', 'jmarshallt@yellowpages.com', '86-(744)353-3220', '7-(446)884-0455');
insert into MAHASISWA (NPM, nama, username, password, email, email_alternatif, telepon, notelp) values (1406023685, 'Alan Ray', 'arayu', 'DYMFbiI', 'arayu@nih.gov', 'arayu@google.cn', '372-(750)430-6237', '62-(810)147-9134');
insert into MAHASISWA (NPM, nama, username, password, email, email_alternatif, telepon, notelp) values (1406097405, 'Joan Jacobs', 'jjacobsv', 'M0W0TWCQ7i', 'jjacobsv@pbs.org', 'jjacobsv@histats.com', '381-(588)147-9514', '33-(523)840-8638');
insert into MAHASISWA (NPM, nama, username, password, email, email_alternatif, telepon, notelp) values (1406264101, 'James Watkins', 'jwatkinsw', 'VKSwK3m', 'jwatkinsw@unc.edu', null, null, null);
insert into MAHASISWA (NPM, nama, username, password, email, email_alternatif, telepon, notelp) values (1406716070, 'Kimberly Gonzales', 'kgonzalesx', 'kSEKg0jp', 'kgonzalesx@addtoany.com', 'kgonzalesx@accuweather.com', '7-(928)241-3886', '55-(213)220-6777');
insert into MAHASISWA (NPM, nama, username, password, email, email_alternatif, telepon, notelp) values (1406749222, 'Alan Cole', 'acoley', 'Vf9INp', 'acoley@yahoo.co.jp', 'acoley@bandcamp.com', '48-(117)406-3081', '63-(591)260-3524');
insert into MAHASISWA (NPM, nama, username, password, email, email_alternatif, telepon, notelp) values (1406094901, 'Teresa Jones', 'tjonesz', 'UguGsKc6x', 'tjonesz@plala.or.jp', 'tjonesz@eventbrite.com', '66-(885)852-8662', '49-(194)782-9639');
insert into MAHASISWA (NPM, nama, username, password, email, email_alternatif, telepon, notelp) values (1406177348, 'Kimberly Jordan', 'kjordan10', '3AMCRlc5T', 'kjordan10@fema.gov', 'kjordan10@skype.com', '33-(435)477-2632', '358-(947)108-5916');
insert into MAHASISWA (NPM, nama, username, password, email, email_alternatif, telepon, notelp) values (1406602129, 'Emily Cook', 'ecook11', 'kZTiwIC3', 'ecook11@newsvine.com', 'ecook11@stanford.edu', '55-(586)555-7196', '86-(203)891-7389');
insert into MAHASISWA (NPM, nama, username, password, email, email_alternatif, telepon, notelp) values (1406141861, 'Jose Gutierrez', 'jgutierrez12', 'iHMXwOhNup', 'jgutierrez12@reverbnation.com', 'jgutierrez12@cnet.com', '86-(515)620-9996', '237-(935)174-3766');
insert into MAHASISWA (NPM, nama, username, password, email, email_alternatif, telepon, notelp) values (1406759126, 'Wayne Pierce', 'wpierce13', '5RhW3KAjf8U', 'wpierce13@desdev.cn', 'wpierce13@google.de', '57-(882)436-3787', '7-(285)603-0392');
insert into MAHASISWA (NPM, nama, username, password, email, email_alternatif, telepon, notelp) values (1406243793, 'Nancy Simpson', 'nsimpson14', 'AZdOehMIt07M', 'nsimpson14@samsung.com', 'nsimpson14@tumblr.com', '63-(841)667-9088', '33-(789)863-9059');
insert into MAHASISWA (NPM, nama, username, password, email, email_alternatif, telepon, notelp) values (1406132619, 'Debra Perry', 'dperry15', '0z8zEF', 'dperry15@meetup.com', 'dperry15@exblog.jp', '386-(516)609-0256', '86-(892)900-0903');
insert into MAHASISWA (NPM, nama, username, password, email, email_alternatif, telepon, notelp) values (1406459215, 'Maria Nguyen', 'mnguyen16', 'rV7SuE1y23C', 'mnguyen16@booking.com', 'mnguyen16@mashable.com', '62-(348)806-4629', '1-(757)600-8706');
insert into MAHASISWA (NPM, nama, username, password, email, email_alternatif, telepon, notelp) values (1406600386, 'Jerry Mills', 'jmills17', '0iHRFif2', 'jmills17@sakura.ne.jp', 'jmills17@exblog.jp', '63-(122)976-4841', '7-(117)114-1450');
insert into MAHASISWA (NPM, nama, username, password, email, email_alternatif, telepon, notelp) values (1406747031, 'Margaret Jenkins', 'mjenkins18', 'FqioSeueeREJ', 'mjenkins18@loc.gov', 'mjenkins18@woothemes.com', '62-(915)406-2016', '86-(170)201-9740');
insert into MAHASISWA (NPM, nama, username, password, email, email_alternatif, telepon, notelp) values (1406720439, 'Marilyn Rose', 'mrose19', 'E2CpT2CPbdXG', 'mrose19@senate.gov', 'mrose19@amazon.de', '995-(876)191-4095', '62-(243)955-1510');
insert into MAHASISWA (NPM, nama, username, password, email, email_alternatif, telepon, notelp) values (1406580902, 'Michelle Hawkins', 'mhawkins1a', '4D7EAmQP', 'mhawkins1a@blogtalkradio.com', 'mhawkins1a@jimdo.com', '1-(517)596-3191', '62-(633)552-8634');
insert into MAHASISWA (NPM, nama, username, password, email, email_alternatif, telepon, notelp) values (1406849492, 'Diana Bell', 'dbell1b', '3jJRF8ck9q', 'dbell1b@t.co', 'dbell1b@symantec.com', '595-(682)609-2915', '55-(351)122-9006');
insert into MAHASISWA (NPM, nama, username, password, email, email_alternatif, telepon, notelp) values (1406832879, 'Keith Simpson', 'ksimpson1c', 'GmETaSf7m', 'ksimpson1c@squidoo.com', 'ksimpson1c@apache.org', '86-(584)797-0083', '86-(882)676-8672');
insert into MAHASISWA (NPM, nama, username, password, email, email_alternatif, telepon, notelp) values (1406830167, 'Samuel Gardner', 'sgardner1d', 'PTcl1222Yr', 'sgardner1d@mapy.cz', 'sgardner1d@1688.com', '51-(405)647-4945', '62-(485)801-4692');
insert into MAHASISWA (NPM, nama, username, password, email, email_alternatif, telepon, notelp) values (1406193631, 'Ernest Pierce', 'epierce1e', 'nV0uIr10GCI', 'epierce1e@jimdo.com', 'epierce1e@bloglovin.com', '420-(373)204-7428', '966-(692)645-9269');
insert into MAHASISWA (NPM, nama, username, password, email, email_alternatif, telepon, notelp) values (1406934784, 'Teresa Morris', 'tmorris1f', 'Wb43LiCtm', 'tmorris1f@about.com', 'tmorris1f@weebly.com', '81-(142)941-2321', '92-(620)761-9582');
insert into MAHASISWA (NPM, nama, username, password, email, email_alternatif, telepon, notelp) values (1406128834, 'Kevin Alexander', 'kalexander1g', 'Awbfbdcynj', 'kalexander1g@cocolog-nifty.com', 'kalexander1g@nbcnews.com', '57-(129)994-9824', '86-(265)283-3720');
insert into MAHASISWA (NPM, nama, username, password, email, email_alternatif, telepon, notelp) values (1406557068, 'Matthew Hernandez', 'mhernandez1h', 'qfBZL9sZ', 'mhernandez1h@jigsy.com', 'mhernandez1h@census.gov', '226-(554)273-7306', '86-(115)797-6024');
insert into MAHASISWA (NPM, nama, username, password, email, email_alternatif, telepon, notelp) values (1406109854, 'Lori Hill', 'lhill1i', 'vIyNxDubvVx', 'lhill1i@mozilla.com', 'lhill1i@unblog.fr', '1-(561)862-0102', '46-(202)622-5543');
insert into MAHASISWA (NPM, nama, username, password, email, email_alternatif, telepon, notelp) values (1406901918, 'Pamela Murray', 'pmurray1j', 'Tu92rIS', 'pmurray1j@privacy.gov.au', 'pmurray1j@alexa.com', '63-(983)921-0388', '7-(922)480-8555');
insert into MAHASISWA (NPM, nama, username, password, email, email_alternatif, telepon, notelp) values (1406962042, 'Roy Mills', 'rmills1k', '3VbI30Gk', 'rmills1k@pagesperso-orange.fr', 'rmills1k@mac.com', '976-(704)362-7292', '55-(270)979-5671');
insert into MAHASISWA (NPM, nama, username, password, email, email_alternatif, telepon, notelp) values (1406563020, 'Andrea Edwards', 'aedwards1l', '7PYFKf', 'aedwards1l@123-reg.co.uk', 'aedwards1l@google.com.br', '7-(168)789-4517', '47-(820)758-1003');
insert into MAHASISWA (NPM, nama, username, password, email, email_alternatif, telepon, notelp) values (1406018636, 'Annie Vasquez', 'avasquez1m', 'd3hd0NR7', 'avasquez1m@jalbum.net', 'avasquez1m@addtoany.com', '86-(923)815-1551', '86-(897)489-1562');
insert into MAHASISWA (NPM, nama, username, password, email, email_alternatif, telepon, notelp) values (1406975577, 'Keith Miller', 'kmiller1n', 'a1Cfp0cz8qo', 'kmiller1n@mlb.com', 'kmiller1n@de.vu', '380-(831)434-4197', '86-(569)343-4851');
insert into MAHASISWA (NPM, nama, username, password, email, email_alternatif, telepon, notelp) values (1406166275, 'Thomas Welch', 'twelch1o', '7qAzLaE29', 'twelch1o@umn.edu', null, null, null);
insert into MAHASISWA (NPM, nama, username, password, email, email_alternatif, telepon, notelp) values (1406798265, 'Patrick Kennedy', 'pkennedy1p', 'ZN5KccMKn1', 'pkennedy1p@mashable.com', 'pkennedy1p@google.pl', '48-(326)121-4368', '380-(706)510-1791');
insert into MAHASISWA (NPM, nama, username, password, email, email_alternatif, telepon, notelp) values (1406096923, 'Michael Henderson', 'mhenderson1q', '5gYJ0x6uhTE', 'mhenderson1q@aol.com', 'mhenderson1q@mysql.com', '52-(351)748-5575', '86-(367)358-1524');
insert into MAHASISWA (NPM, nama, username, password, email, email_alternatif, telepon, notelp) values (1406056196, 'Craig Lynch', 'clynch1r', 'kZsZ0Zx', 'clynch1r@uiuc.edu', 'clynch1r@hostgator.com', '48-(999)119-7690', '62-(237)666-3610');
insert into MAHASISWA (NPM, nama, username, password, email, email_alternatif, telepon, notelp) values (1406301226, 'Lisa Chapman', 'lchapman1s', 'fbfJwm5j', 'lchapman1s@stanford.edu', 'lchapman1s@go.com', '963-(448)692-8073', '963-(709)580-4871');
insert into MAHASISWA (NPM, nama, username, password, email, email_alternatif, telepon, notelp) values (1406907969, 'James Rivera', 'jrivera1t', 'AexLfr9Wb', 'jrivera1t@ftc.gov', 'jrivera1t@diigo.com', '46-(100)466-0659', '33-(438)736-2293');
insert into MAHASISWA (NPM, nama, username, password, email, email_alternatif, telepon, notelp) values (1406110659, 'Bonnie Fisher', 'bfisher1u', 'us3LWT1d', 'bfisher1u@sciencedirect.com', 'bfisher1u@virginia.edu', '237-(720)861-1894', '7-(687)295-7105');
insert into MAHASISWA (NPM, nama, username, password, email, email_alternatif, telepon, notelp) values (1406538844, 'Robert Wagner', 'rwagner1v', 'JdH02ix', 'rwagner1v@sciencedirect.com', null, null, null);
insert into MAHASISWA (NPM, nama, username, password, email, email_alternatif, telepon, notelp) values (1406348978, 'Jane Wilson', 'jwilson1w', 'WfCBr3e8v', 'jwilson1w@google.com', 'jwilson1w@amazon.com', '7-(573)982-0582', '33-(831)754-2278');
insert into MAHASISWA (NPM, nama, username, password, email, email_alternatif, telepon, notelp) values (1406989442, 'Brenda Graham', 'bgraham1x', 'B3IcdHpHy6Bf', 'bgraham1x@cargocollective.com', 'bgraham1x@google.com.au', '63-(717)206-0368', '86-(976)770-3830');

insert into TERM (tahun, semester) values (2016, 1);
insert into TERM (tahun, semester) values (2016, 2);
insert into TERM (tahun, semester) values (2016, 3);

insert into PRODI (ID, NamaProdi) values (1, 'risperidone');
insert into PRODI (ID, NamaProdi) values (2, 'Acetaminophen');

insert into DOSEN (NIP, nama, username, password, email, institusi) values (1, 'Sara Fields', 'sfields0', 'wdjORXlg', 'sfields0@cpanel.net', 'Universidad Anáhuac del Sur');
insert into DOSEN (NIP, nama, username, password, email, institusi) values (2, 'Edward Hanson', 'ehanson1', 'gqZXTnO', 'ehanson1@bandcamp.com', 'Dumlupinar University');
insert into DOSEN (NIP, nama, username, password, email, institusi) values (3, 'Joe Elliott', 'jelliott2', 'WBUwyE', 'jelliott2@home.pl', 'Institut National des Sciences Appliquées de Rouen');
insert into DOSEN (NIP, nama, username, password, email, institusi) values (4, 'Ruby Larson', 'rlarson3', 'xNmc4deIo', 'rlarson3@freewebs.com', 'DeVry Institute of Technology, Pomona');
insert into DOSEN (NIP, nama, username, password, email, institusi) values (5, 'Anne Stephens', 'astephens4', 'Rcvm4r1', 'astephens4@flickr.com', 'Kobe Women''s University');
insert into DOSEN (NIP, nama, username, password, email, institusi) values (6, 'Ernest Carter', 'ecarter5', 'utaboD', 'ecarter5@oaic.gov.au', 'Fundación Universitaria del Area Andina. Sede Pereira');
insert into DOSEN (NIP, nama, username, password, email, institusi) values (7, 'Jennifer Payne', 'jpayne6', 'lXfWmNLLY0Wp', 'jpayne6@hao123.com', 'University of Southern Denmark');
insert into DOSEN (NIP, nama, username, password, email, institusi) values (8, 'Roy Ward', 'rward7', '16mqc0yki', 'rward7@csmonitor.com', 'Takestan Islamic Azad University');
insert into DOSEN (NIP, nama, username, password, email, institusi) values (9, 'Sharon Banks', 'sbanks8', 'V0wW2r6dYzf3', 'sbanks8@dagondesign.com', 'Indira Gandhi Institute of Medical Sciences');
insert into DOSEN (NIP, nama, username, password, email, institusi) values (10, 'Roger Davis', 'rdavis9', '1ca5NNT3RYa', 'rdavis9@intel.com', 'Wudanshan Taoist College ');
insert into DOSEN (NIP, nama, username, password, email, institusi) values (11, 'Kenneth Moore', 'kmoorea', 'dnNz5R1vhXTr', 'kmoorea@tripadvisor.com', 'Osaka College of Music');
insert into DOSEN (NIP, nama, username, password, email, institusi) values (12, 'Martin Scott', 'mscottb', 'oYMoRAOJ7', 'mscottb@nasa.gov', 'Louisiana Tech University');
insert into DOSEN (NIP, nama, username, password, email, institusi) values (13, 'Emily Lynch', 'elynchc', 'QHwjv0M', 'elynchc@woothemes.com', 'Smolensk Humanitarian University');
insert into DOSEN (NIP, nama, username, password, email, institusi) values (14, 'Stephanie Henderson', 'shendersond', 'iCkXxPsB7T18', 'shendersond@cmu.edu', 'Gemsville Technical University');
insert into DOSEN (NIP, nama, username, password, email, institusi) values (15, 'Adam Fowler', 'afowlere', 'TMoPGouihrc', 'afowlere@dell.com', 'Shaw University');
insert into DOSEN (NIP, nama, username, password, email, institusi) values (16, 'Mildred Medina', 'mmedinaf', 'b7QJ6gOCy', 'mmedinaf@uiuc.edu', 'Iran University of Science and Technology Tehran');
insert into DOSEN (NIP, nama, username, password, email, institusi) values (17, 'Deborah Jordan', 'djordang', 'fP86fhJu7W', 'djordang@shinystat.com', 'Pukyong National University');
insert into DOSEN (NIP, nama, username, password, email, institusi) values (18, 'Louis James', 'ljamesh', '0jLFdAHnK', 'ljamesh@squarespace.com', 'Instituto Politécnico de Portalegre');
insert into DOSEN (NIP, nama, username, password, email, institusi) values (19, 'Wayne Morales', 'wmoralesi', 'Wa7CMZc', 'wmoralesi@webnode.com', 'ITT Technical Institute Portland');
insert into DOSEN (NIP, nama, username, password, email, institusi) values (20, 'Janice West', 'jwestj', 'InjpdXFl', 'jwestj@creativecommons.org', 'Hemwati Nandan Bahuguna Garhwal University');
insert into DOSEN (NIP, nama, username, password, email, institusi) values (21, 'George Robinson', 'grobinsonk', 'LCEQEs3W5', 'grobinsonk@about.me', 'Universidad del Salvador');
insert into DOSEN (NIP, nama, username, password, email, institusi) values (22, 'Justin Baker', 'jbakerl', 'Srn4ILJ', 'jbakerl@state.gov', 'Universidad Pedagógica Experimental Libertador');
insert into DOSEN (NIP, nama, username, password, email, institusi) values (23, 'Arthur Howard', 'ahowardm', 'SAg0fqgFQD', 'ahowardm@bigcartel.com', 'Mamasani University of Technology');
insert into DOSEN (NIP, nama, username, password, email, institusi) values (24, 'Andrew Bennett', 'abennettn', 'VN8WZJm', 'abennettn@zimbio.com', 'Universidad Nacional Andrés Bello');
insert into DOSEN (NIP, nama, username, password, email, institusi) values (25, 'Jack Gonzalez', 'jgonzalezo', '6DZ3kWPA1Z', 'jgonzalezo@amazonaws.com', 'Faculdades Integradas Toledo');
insert into DOSEN (NIP, nama, username, password, email, institusi) values (26, 'Walter Thompson', 'wthompsonp', 'pLy0Mur', 'wthompsonp@vistaprint.com', 'Chang Jung University');
insert into DOSEN (NIP, nama, username, password, email, institusi) values (27, 'Ralph Perez', 'rperezq', 'uj9vpYFV8KdK', 'rperezq@icq.com', 'National Chung Hsing University, Taichung');
insert into DOSEN (NIP, nama, username, password, email, institusi) values (28, 'Lawrence Morgan', 'lmorganr', 'lTsguy3tbv1', 'lmorganr@deliciousdays.com', 'Hitotsubashi University');
insert into DOSEN (NIP, nama, username, password, email, institusi) values (29, 'Roger Gutierrez', 'rgutierrezs', '3KPhxY7LBXF', 'rgutierrezs@sogou.com', ' L.D.College of Engineering');
insert into DOSEN (NIP, nama, username, password, email, institusi) values (30, 'Julia Johnston', 'jjohnstont', 'qikVzuwUjTk5', 'jjohnstont@dell.com', 'Universidad Politecnica de Puerto Rico');

insert into JENISMKS (ID, NamaMKS) values (1, 'Clindamycin');
insert into JENISMKS (ID, NamaMKS) values (2, 'Lamb');
insert into JENISMKS (ID, NamaMKS) values (3, 'Bethanechol Chloride');
insert into JENISMKS (ID, NamaMKS) values (4, 'RUMEX CRISPUS POLLEN');
insert into JENISMKS (ID, NamaMKS) values (5, 'arthritis pain relief');

insert into MATA_KULIAH_SPESIAL (idMKS, NPM, Tahun, Semester, Judul, isSiapSidang, PengumpulanHardCopy, IjinMajuSidang, IdJenisMKS) values (1, 1406775395, 2016, 1, 'Konklab', false, false, false, 1);
insert into MATA_KULIAH_SPESIAL (idMKS, NPM, Tahun, Semester, Judul, isSiapSidang, PengumpulanHardCopy, IjinMajuSidang, IdJenisMKS) values (2, 1406589125, 2016, 1, 'Transcof', false, true, false, 3);
insert into MATA_KULIAH_SPESIAL (idMKS, NPM, Tahun, Semester, Judul, isSiapSidang, PengumpulanHardCopy, IjinMajuSidang, IdJenisMKS) values (3, 1406756652, 2016, 3, 'Bitchip', true, true, false, 2);
insert into MATA_KULIAH_SPESIAL (idMKS, NPM, Tahun, Semester, Judul, isSiapSidang, PengumpulanHardCopy, IjinMajuSidang, IdJenisMKS) values (4, 1406863352, 2016, 2, 'Zaam-Dox', false, true, false, 2);
insert into MATA_KULIAH_SPESIAL (idMKS, NPM, Tahun, Semester, Judul, isSiapSidang, PengumpulanHardCopy, IjinMajuSidang, IdJenisMKS) values (5, 1406494452, 2016, 3, 'Konklab', false, false, false, 5);
insert into MATA_KULIAH_SPESIAL (idMKS, NPM, Tahun, Semester, Judul, isSiapSidang, PengumpulanHardCopy, IjinMajuSidang, IdJenisMKS) values (6, 1406932883, 2016, 3, 'Tin', true, true, true, 2);
insert into MATA_KULIAH_SPESIAL (idMKS, NPM, Tahun, Semester, Judul, isSiapSidang, PengumpulanHardCopy, IjinMajuSidang, IdJenisMKS) values (7, 1406551637, 2016, 3, 'Toughjoyfax', false, true, true, 4);
insert into MATA_KULIAH_SPESIAL (idMKS, NPM, Tahun, Semester, Judul, isSiapSidang, PengumpulanHardCopy, IjinMajuSidang, IdJenisMKS) values (8, 1406081107, 2016, 2, 'Biodex', false, false, false, 4);
insert into MATA_KULIAH_SPESIAL (idMKS, NPM, Tahun, Semester, Judul, isSiapSidang, PengumpulanHardCopy, IjinMajuSidang, IdJenisMKS) values (9, 1406948997, 2016, 1, 'Bitwolf', false, true, false, 3);
insert into MATA_KULIAH_SPESIAL (idMKS, NPM, Tahun, Semester, Judul, isSiapSidang, PengumpulanHardCopy, IjinMajuSidang, IdJenisMKS) values (10, 1406485451, 2016, 2, 'Overhold', false, false, true, 2);
insert into MATA_KULIAH_SPESIAL (idMKS, NPM, Tahun, Semester, Judul, isSiapSidang, PengumpulanHardCopy, IjinMajuSidang, IdJenisMKS) values (11, 1406056196, 2016, 2, 'Asoka', true, true, false, 3);
insert into MATA_KULIAH_SPESIAL (idMKS, NPM, Tahun, Semester, Judul, isSiapSidang, PengumpulanHardCopy, IjinMajuSidang, IdJenisMKS) values (12, 1406708548, 2016, 3, 'Bytecard', false, false, false, 2);
insert into MATA_KULIAH_SPESIAL (idMKS, NPM, Tahun, Semester, Judul, isSiapSidang, PengumpulanHardCopy, IjinMajuSidang, IdJenisMKS) values (13, 1406716900, 2016, 2, 'Vagram', false, true, true, 2);
insert into MATA_KULIAH_SPESIAL (idMKS, NPM, Tahun, Semester, Judul, isSiapSidang, PengumpulanHardCopy, IjinMajuSidang, IdJenisMKS) values (14, 1406176877, 2016, 1, 'Subin', false, true, true, 3);
insert into MATA_KULIAH_SPESIAL (idMKS, NPM, Tahun, Semester, Judul, isSiapSidang, PengumpulanHardCopy, IjinMajuSidang, IdJenisMKS) values (15, 1406094602, 2016, 1, 'Trippledex', false, true, false, 2);
insert into MATA_KULIAH_SPESIAL (idMKS, NPM, Tahun, Semester, Judul, isSiapSidang, PengumpulanHardCopy, IjinMajuSidang, IdJenisMKS) values (16, 1406253457, 2016, 1, 'Duobam', true, false, true, 4);
insert into MATA_KULIAH_SPESIAL (idMKS, NPM, Tahun, Semester, Judul, isSiapSidang, PengumpulanHardCopy, IjinMajuSidang, IdJenisMKS) values (17, 1406360534, 2016, 2, 'Asoka', true, true, false, 5);
insert into MATA_KULIAH_SPESIAL (idMKS, NPM, Tahun, Semester, Judul, isSiapSidang, PengumpulanHardCopy, IjinMajuSidang, IdJenisMKS) values (18, 1406500890, 2016, 3, 'Cardify', false, true, true, 1);
insert into MATA_KULIAH_SPESIAL (idMKS, NPM, Tahun, Semester, Judul, isSiapSidang, PengumpulanHardCopy, IjinMajuSidang, IdJenisMKS) values (19, 1406103118, 2016, 3, 'Vagram', false, false, false, 5);
insert into MATA_KULIAH_SPESIAL (idMKS, NPM, Tahun, Semester, Judul, isSiapSidang, PengumpulanHardCopy, IjinMajuSidang, IdJenisMKS) values (20, 1406216373, 2016, 3, 'Vagram', false, true, true, 1);
insert into MATA_KULIAH_SPESIAL (idMKS, NPM, Tahun, Semester, Judul, isSiapSidang, PengumpulanHardCopy, IjinMajuSidang, IdJenisMKS) values (21, 1406047090, 2016, 3, 'Latlux', true, true, false, 1);
insert into MATA_KULIAH_SPESIAL (idMKS, NPM, Tahun, Semester, Judul, isSiapSidang, PengumpulanHardCopy, IjinMajuSidang, IdJenisMKS) values (22, 1406214144, 2016, 3, 'Alphazap', true, false, false, 5);
insert into MATA_KULIAH_SPESIAL (idMKS, NPM, Tahun, Semester, Judul, isSiapSidang, PengumpulanHardCopy, IjinMajuSidang, IdJenisMKS) values (23, 1406047232, 2016, 3, 'Daltfresh', true, false, true, 2);
insert into MATA_KULIAH_SPESIAL (idMKS, NPM, Tahun, Semester, Judul, isSiapSidang, PengumpulanHardCopy, IjinMajuSidang, IdJenisMKS) values (24, 1406368606, 2016, 1, 'Andalax', false, true, false, 3);
insert into MATA_KULIAH_SPESIAL (idMKS, NPM, Tahun, Semester, Judul, isSiapSidang, PengumpulanHardCopy, IjinMajuSidang, IdJenisMKS) values (25, 1406382907, 2016, 1, 'Sonair', false, false, false, 2);
insert into MATA_KULIAH_SPESIAL (idMKS, NPM, Tahun, Semester, Judul, isSiapSidang, PengumpulanHardCopy, IjinMajuSidang, IdJenisMKS) values (26, 1406670744, 2016, 2, 'Treeflex', true, false, true, 5);
insert into MATA_KULIAH_SPESIAL (idMKS, NPM, Tahun, Semester, Judul, isSiapSidang, PengumpulanHardCopy, IjinMajuSidang, IdJenisMKS) values (27, 1406606526, 2016, 3, 'Otcom', false, false, true, 4);
insert into MATA_KULIAH_SPESIAL (idMKS, NPM, Tahun, Semester, Judul, isSiapSidang, PengumpulanHardCopy, IjinMajuSidang, IdJenisMKS) values (28, 1406937426, 2016, 2, 'Daltfresh', true, false, true, 4);
insert into MATA_KULIAH_SPESIAL (idMKS, NPM, Tahun, Semester, Judul, isSiapSidang, PengumpulanHardCopy, IjinMajuSidang, IdJenisMKS) values (29, 1406616797, 2016, 2, 'Voltsillam', true, true, false, 3);
insert into MATA_KULIAH_SPESIAL (idMKS, NPM, Tahun, Semester, Judul, isSiapSidang, PengumpulanHardCopy, IjinMajuSidang, IdJenisMKS) values (30, 1406532814, 2016, 2, 'It', true, false, true, 4);
insert into MATA_KULIAH_SPESIAL (idMKS, NPM, Tahun, Semester, Judul, isSiapSidang, PengumpulanHardCopy, IjinMajuSidang, IdJenisMKS) values (31, 1406502673, 2016, 1, 'Alphazap', false, true, false, 2);
insert into MATA_KULIAH_SPESIAL (idMKS, NPM, Tahun, Semester, Judul, isSiapSidang, PengumpulanHardCopy, IjinMajuSidang, IdJenisMKS) values (32, 1406023685, 2016, 3, 'Rank', true, true, true, 5);
insert into MATA_KULIAH_SPESIAL (idMKS, NPM, Tahun, Semester, Judul, isSiapSidang, PengumpulanHardCopy, IjinMajuSidang, IdJenisMKS) values (33, 1406097405, 2016, 3, 'Voyatouch', true, true, false, 3);
insert into MATA_KULIAH_SPESIAL (idMKS, NPM, Tahun, Semester, Judul, isSiapSidang, PengumpulanHardCopy, IjinMajuSidang, IdJenisMKS) values (34, 1406264101, 2016, 2, 'Wrapsafe', false, false, false, 3);
insert into MATA_KULIAH_SPESIAL (idMKS, NPM, Tahun, Semester, Judul, isSiapSidang, PengumpulanHardCopy, IjinMajuSidang, IdJenisMKS) values (35, 1406716070, 2016, 2, 'Rank', false, true, false, 2);
insert into MATA_KULIAH_SPESIAL (idMKS, NPM, Tahun, Semester, Judul, isSiapSidang, PengumpulanHardCopy, IjinMajuSidang, IdJenisMKS) values (36, 1406538844, 2016, 3, 'Cardguard', true, true, false, 1);
insert into MATA_KULIAH_SPESIAL (idMKS, NPM, Tahun, Semester, Judul, isSiapSidang, PengumpulanHardCopy, IjinMajuSidang, IdJenisMKS) values (37, 1406749222, 2016, 3, 'Konklab', false, false, false, 5);
insert into MATA_KULIAH_SPESIAL (idMKS, NPM, Tahun, Semester, Judul, isSiapSidang, PengumpulanHardCopy, IjinMajuSidang, IdJenisMKS) values (38, 1406094901, 2016, 1, 'Trippledex', false, false, true, 5);
insert into MATA_KULIAH_SPESIAL (idMKS, NPM, Tahun, Semester, Judul, isSiapSidang, PengumpulanHardCopy, IjinMajuSidang, IdJenisMKS) values (39, 1406177348, 2016, 2, 'Gembucket', false, true, false, 1);
insert into MATA_KULIAH_SPESIAL (idMKS, NPM, Tahun, Semester, Judul, isSiapSidang, PengumpulanHardCopy, IjinMajuSidang, IdJenisMKS) values (40, 1406602129, 2016, 3, 'Toughjoyfax', false, true, false, 3);
insert into MATA_KULIAH_SPESIAL (idMKS, NPM, Tahun, Semester, Judul, isSiapSidang, PengumpulanHardCopy, IjinMajuSidang, IdJenisMKS) values (41, 1406141861, 2016, 2, 'Daltfresh', false, false, true, 4);
insert into MATA_KULIAH_SPESIAL (idMKS, NPM, Tahun, Semester, Judul, isSiapSidang, PengumpulanHardCopy, IjinMajuSidang, IdJenisMKS) values (42, 1406759126, 2016, 1, 'Rank', false, true, true, 1);
insert into MATA_KULIAH_SPESIAL (idMKS, NPM, Tahun, Semester, Judul, isSiapSidang, PengumpulanHardCopy, IjinMajuSidang, IdJenisMKS) values (43, 1406243793, 2016, 2, 'Wrapsafe', true, true, true, 3);
insert into MATA_KULIAH_SPESIAL (idMKS, NPM, Tahun, Semester, Judul, isSiapSidang, PengumpulanHardCopy, IjinMajuSidang, IdJenisMKS) values (44, 1406132619, 2016, 3, 'Subin', true, true, true, 3);
insert into MATA_KULIAH_SPESIAL (idMKS, NPM, Tahun, Semester, Judul, isSiapSidang, PengumpulanHardCopy, IjinMajuSidang, IdJenisMKS) values (45, 1406459215, 2016, 1, 'Pannier', true, true, true, 2);
insert into MATA_KULIAH_SPESIAL (idMKS, NPM, Tahun, Semester, Judul, isSiapSidang, PengumpulanHardCopy, IjinMajuSidang, IdJenisMKS) values (46, 1406600386, 2016, 3, 'Matsoft', false, false, true, 1);
insert into MATA_KULIAH_SPESIAL (idMKS, NPM, Tahun, Semester, Judul, isSiapSidang, PengumpulanHardCopy, IjinMajuSidang, IdJenisMKS) values (47, 1406747031, 2016, 3, 'Treeflex', true, false, false, 4);
insert into MATA_KULIAH_SPESIAL (idMKS, NPM, Tahun, Semester, Judul, isSiapSidang, PengumpulanHardCopy, IjinMajuSidang, IdJenisMKS) values (48, 1406720439, 2016, 3, 'It', true, true, false, 1);
insert into MATA_KULIAH_SPESIAL (idMKS, NPM, Tahun, Semester, Judul, isSiapSidang, PengumpulanHardCopy, IjinMajuSidang, IdJenisMKS) values (49, 1406580902, 2016, 3, 'Tin', false, false, true, 4);
insert into MATA_KULIAH_SPESIAL (idMKS, NPM, Tahun, Semester, Judul, isSiapSidang, PengumpulanHardCopy, IjinMajuSidang, IdJenisMKS) values (50, 1406849492, 2016, 1, 'Viva', true, false, true, 2);

insert into RUANGAN (IDRuangan, NamaRuangan) values (1, 'Fintone');
insert into RUANGAN (IDRuangan, NamaRuangan) values (2, 'Ventosanzap');
insert into RUANGAN (IDRuangan, NamaRuangan) values (3, 'Bitwolf');
insert into RUANGAN (IDRuangan, NamaRuangan) values (4, 'Rank');
insert into RUANGAN (IDRuangan, NamaRuangan) values (5, 'Ventosan');
insert into RUANGAN (IDRuangan, NamaRuangan) values (6, 'Daltfresh');
insert into RUANGAN (IDRuangan, NamaRuangan) values (7, 'Pannier');
insert into RUANGAN (IDRuangan, NamaRuangan) values (8, 'Sonair');
insert into RUANGAN (IDRuangan, NamaRuangan) values (9, 'Flexidy');
insert into RUANGAN (IDRuangan, NamaRuangan) values (10, 'Aerified');
insert into RUANGAN (IDRuangan, NamaRuangan) values (11, 'Trippledex');
insert into RUANGAN (IDRuangan, NamaRuangan) values (12, 'Transcof');
insert into RUANGAN (IDRuangan, NamaRuangan) values (13, 'Y-Solowarm');
insert into RUANGAN (IDRuangan, NamaRuangan) values (14, 'Tampflex');
insert into RUANGAN (IDRuangan, NamaRuangan) values (15, 'Gembucket');
insert into RUANGAN (IDRuangan, NamaRuangan) values (16, 'Flowdesk');
insert into RUANGAN (IDRuangan, NamaRuangan) values (17, 'Lotlux');
insert into RUANGAN (IDRuangan, NamaRuangan) values (18, 'Otcom');
insert into RUANGAN (IDRuangan, NamaRuangan) values (19, 'Tresom');
insert into RUANGAN (IDRuangan, NamaRuangan) values (20, 'Zamit');

insert into JADWAL_NON_SIDANG (IdJadwal, Tanggalmulai, TanggalSelesai, Alasan, Repetisi, NIPdosen) values (1, '01/01/2016', '12/07/2016', 'Integer pede justo, lacinia eget, tincidunt eget, tempus vel, pede.', null, 1);
insert into JADWAL_NON_SIDANG (IdJadwal, Tanggalmulai, TanggalSelesai, Alasan, Repetisi, NIPdosen) values (2, '01/02/2016', '10/08/2016', 'Suspendisse potenti.', null, 2);
insert into JADWAL_NON_SIDANG (IdJadwal, Tanggalmulai, TanggalSelesai, Alasan, Repetisi, NIPdosen) values (3, '01/03/2016', '09/07/2016', 'Nulla facilisi.', null, 3);
insert into JADWAL_NON_SIDANG (IdJadwal, Tanggalmulai, TanggalSelesai, Alasan, Repetisi, NIPdosen) values (4, '01/04/2016', '11/12/2016', 'Maecenas tincidunt lacus at velit.', null, 4);
insert into JADWAL_NON_SIDANG (IdJadwal, Tanggalmulai, TanggalSelesai, Alasan, Repetisi, NIPdosen) values (5, '01/05/2016', '12/07/2016', 'Quisque porta volutpat erat.', null, 5);
insert into JADWAL_NON_SIDANG (IdJadwal, Tanggalmulai, TanggalSelesai, Alasan, Repetisi, NIPdosen) values (6, '01/06/2016', '10/08/2016', 'Aenean lectus.', null, 6);
insert into JADWAL_NON_SIDANG (IdJadwal, Tanggalmulai, TanggalSelesai, Alasan, Repetisi, NIPdosen) values (7, '02/01/2016', '12/11/2016', 'Etiam vel augue.', null, 7);
insert into JADWAL_NON_SIDANG (IdJadwal, Tanggalmulai, TanggalSelesai, Alasan, Repetisi, NIPdosen) values (8, '02/02/2016', '07/07/2016', 'Mauris ullamcorper purus sit amet nulla.', null, 8);
insert into JADWAL_NON_SIDANG (IdJadwal, Tanggalmulai, TanggalSelesai, Alasan, Repetisi, NIPdosen) values (9, '02/03/2016', '12/10/2016', 'In eleifend quam a odio.', null, 9);
insert into JADWAL_NON_SIDANG (IdJadwal, Tanggalmulai, TanggalSelesai, Alasan, Repetisi, NIPdosen) values (10, '02/04/2016', '9/11/2016', 'Duis aliquam convallis nunc.', null, 10);
insert into JADWAL_NON_SIDANG (IdJadwal, Tanggalmulai, TanggalSelesai, Alasan, Repetisi, NIPdosen) values (11, '02/05/2016', '12/11/2016', 'In congue.', null, 11);
insert into JADWAL_NON_SIDANG (IdJadwal, Tanggalmulai, TanggalSelesai, Alasan, Repetisi, NIPdosen) values (12, '02/06/2016', '08/09/2016', 'Cras in purus eu magna vulputate luctus.', null, 12);
insert into JADWAL_NON_SIDANG (IdJadwal, Tanggalmulai, TanggalSelesai, Alasan, Repetisi, NIPdosen) values (13, '03/01/2016', '11/08/2016', 'Vivamus vel nulla eget eros elementum pellentesque.', null, 13);
insert into JADWAL_NON_SIDANG (IdJadwal, Tanggalmulai, TanggalSelesai, Alasan, Repetisi, NIPdosen) values (14, '03/02/2016', '07/12/2016', 'Lorem ipsum dolor sit amet, consectetuer adipiscing elit.', null, 14);
insert into JADWAL_NON_SIDANG (IdJadwal, Tanggalmulai, TanggalSelesai, Alasan, Repetisi, NIPdosen) values (15, '03/03/2016', '09/09/2016', 'Mauris enim leo, rhoncus sed, vestibulum sit amet, cursus id, turpis.', null, 15);
insert into JADWAL_NON_SIDANG (IdJadwal, Tanggalmulai, TanggalSelesai, Alasan, Repetisi, NIPdosen) values (16, '03/04/2016', '10/12/2016', 'Quisque porta volutpat erat.', null, 16);
insert into JADWAL_NON_SIDANG (IdJadwal, Tanggalmulai, TanggalSelesai, Alasan, Repetisi, NIPdosen) values (17, '03/05/2016', '10/12/2016', 'Etiam justo.', null, 17);
insert into JADWAL_NON_SIDANG (IdJadwal, Tanggalmulai, TanggalSelesai, Alasan, Repetisi, NIPdosen) values (18, '03/06/2016', '09/11/2016', 'Nulla facilisi.', null, 18);
insert into JADWAL_NON_SIDANG (IdJadwal, Tanggalmulai, TanggalSelesai, Alasan, Repetisi, NIPdosen) values (19, '04/01/2016', '08/09/2016', 'Maecenas leo odio, condimentum id, luctus nec, molestie sed, justo.', null, 19);
insert into JADWAL_NON_SIDANG (IdJadwal, Tanggalmulai, TanggalSelesai, Alasan, Repetisi, NIPdosen) values (20, '04/02/2016', '08/09/2016', 'Morbi quis tortor id nulla ultrices aliquet.', null, 20);
insert into JADWAL_NON_SIDANG (IdJadwal, Tanggalmulai, TanggalSelesai, Alasan, Repetisi, NIPdosen) values (21, '04/03/2016', '08/11/2016', 'Sed accumsan felis.', null, 21);
insert into JADWAL_NON_SIDANG (IdJadwal, Tanggalmulai, TanggalSelesai, Alasan, Repetisi, NIPdosen) values (22, '04/04/2016', '11/10/2016', 'Vivamus in felis eu sapien cursus vestibulum.', null, 22);
insert into JADWAL_NON_SIDANG (IdJadwal, Tanggalmulai, TanggalSelesai, Alasan, Repetisi, NIPdosen) values (23, '04/05/2016', '10/12/2016', 'Integer tincidunt ante vel ipsum.', null, 23);
insert into JADWAL_NON_SIDANG (IdJadwal, Tanggalmulai, TanggalSelesai, Alasan, Repetisi, NIPdosen) values (24, '04/06/2016', '08/10/2016', 'Maecenas pulvinar lobortis est.', null, 24);
insert into JADWAL_NON_SIDANG (IdJadwal, Tanggalmulai, TanggalSelesai, Alasan, Repetisi, NIPdosen) values (25, '05/01/2016', '08/09/2016', 'Praesent blandit.', null, 25);
insert into JADWAL_NON_SIDANG (IdJadwal, Tanggalmulai, TanggalSelesai, Alasan, Repetisi, NIPdosen) values (26, '05/02/2016', '12/11/2016', 'Aliquam augue quam, sollicitudin vitae, consectetuer eget, rutrum at, lorem.', null, 26);
insert into JADWAL_NON_SIDANG (IdJadwal, Tanggalmulai, TanggalSelesai, Alasan, Repetisi, NIPdosen) values (27, '05/03/2016', '09/08/2016', 'In hac habitasse platea dictumst.', null, 27);
insert into JADWAL_NON_SIDANG (IdJadwal, Tanggalmulai, TanggalSelesai, Alasan, Repetisi, NIPdosen) values (28, '05/04/2016', '11/10/2016', 'Integer tincidunt ante vel ipsum.', null, 28);
insert into JADWAL_NON_SIDANG (IdJadwal, Tanggalmulai, TanggalSelesai, Alasan, Repetisi, NIPdosen) values (29, '05/05/2016', '10/12/2016', 'Mauris sit amet eros.', null, 29);
insert into JADWAL_NON_SIDANG (IdJadwal, Tanggalmulai, TanggalSelesai, Alasan, Repetisi, NIPdosen) values (30, '05/06/2016', '07/12/2016', 'Morbi ut odio.', null, 30);
insert into JADWAL_NON_SIDANG (IdJadwal, Tanggalmulai, TanggalSelesai, Alasan, Repetisi, NIPdosen) values (31, '06/01/2016', '09/11/2016', 'Quisque erat eros, viverra eget, congue eget, semper rutrum, nulla.', null, 3);
insert into JADWAL_NON_SIDANG (IdJadwal, Tanggalmulai, TanggalSelesai, Alasan, Repetisi, NIPdosen) values (32, '06/02/2016', '10/09/2016', 'Nam dui.', null, 3);
insert into JADWAL_NON_SIDANG (IdJadwal, Tanggalmulai, TanggalSelesai, Alasan, Repetisi, NIPdosen) values (33, '06/03/2016', '07/08/2016', 'In quis justo.', null, 3);
insert into JADWAL_NON_SIDANG (IdJadwal, Tanggalmulai, TanggalSelesai, Alasan, Repetisi, NIPdosen) values (34, '06/04/2016', '08/10/2016', 'Aenean lectus.', null, 4);
insert into JADWAL_NON_SIDANG (IdJadwal, Tanggalmulai, TanggalSelesai, Alasan, Repetisi, NIPdosen) values (35, '06/05/2016', '12/09/2016', 'Integer tincidunt ante vel ipsum.', null, 5);
insert into JADWAL_NON_SIDANG (IdJadwal, Tanggalmulai, TanggalSelesai, Alasan, Repetisi, NIPdosen) values (36, '06/06/2016', '12/08/2016', 'Curabitur gravida nisi at nibh.', null, 6);
insert into JADWAL_NON_SIDANG (IdJadwal, Tanggalmulai, TanggalSelesai, Alasan, Repetisi, NIPdosen) values (37, '01/01/2016', '12/09/2016', 'In tempor, turpis nec euismod scelerisque', null, 7);
insert into JADWAL_NON_SIDANG (IdJadwal, Tanggalmulai, TanggalSelesai, Alasan, Repetisi, NIPdosen) values (38, '01/03/2016', '11/09/2016', 'Donec posuere metus vitae ipsum.', null, 8);
insert into JADWAL_NON_SIDANG (IdJadwal, Tanggalmulai, TanggalSelesai, Alasan, Repetisi, NIPdosen) values (39, '01/02/2016', '12/08/2016', 'Aenean fermentum.', null, 9);
insert into JADWAL_NON_SIDANG (IdJadwal, Tanggalmulai, TanggalSelesai, Alasan, Repetisi, NIPdosen) values (40, '01/04/2016', '11/09/2016', 'In hac habitasse platea dictumst.', null, 4);
insert into JADWAL_NON_SIDANG (IdJadwal, Tanggalmulai, TanggalSelesai, Alasan, Repetisi, NIPdosen) values (41, '01/05/2016', '12/08/2016', 'Integer aliquet, massa id lobortis convallis.', null, 1);
insert into JADWAL_NON_SIDANG (IdJadwal, Tanggalmulai, TanggalSelesai, Alasan, Repetisi, NIPdosen) values (42, '01/06/2016', '12/12/2016', 'Donec semper sapien a libero.', null, 2);
insert into JADWAL_NON_SIDANG (IdJadwal, Tanggalmulai, TanggalSelesai, Alasan, Repetisi, NIPdosen) values (43, '02/01/2016', '12/07/2016', 'Integer ac leo.', null, 3);
insert into JADWAL_NON_SIDANG (IdJadwal, Tanggalmulai, TanggalSelesai, Alasan, Repetisi, NIPdosen) values (44, '02/02/2016', '07/11/2016', 'Phasellus id sapien in sapien iaculis congue.', null, 4);
insert into JADWAL_NON_SIDANG (IdJadwal, Tanggalmulai, TanggalSelesai, Alasan, Repetisi, NIPdosen) values (45, '02/04/2016', '12/10/2016', 'Praesent blandit.', null, 5);
insert into JADWAL_NON_SIDANG (IdJadwal, Tanggalmulai, TanggalSelesai, Alasan, Repetisi, NIPdosen) values (46, '02/03/2016', '12/09/2016', 'Vivamus metus arcu, adipiscing molestie, hendrerit at, vulputate vitae, nisl.', null, 6);
insert into JADWAL_NON_SIDANG (IdJadwal, Tanggalmulai, TanggalSelesai, Alasan, Repetisi, NIPdosen) values (47, '02/05/2016', '10/11/2016', 'Suspendisse ornare consequat lectus.', null, 7);
insert into JADWAL_NON_SIDANG (IdJadwal, Tanggalmulai, TanggalSelesai, Alasan, Repetisi, NIPdosen) values (48, '02/06/2016', '12/09/2016', 'Suspendisse potenti.', null, 8);
insert into JADWAL_NON_SIDANG (IdJadwal, Tanggalmulai, TanggalSelesai, Alasan, Repetisi, NIPdosen) values (49, '03/01/2016', '12/10/2016', 'Donec ut dolor.', null, 9);
insert into JADWAL_NON_SIDANG (IdJadwal, Tanggalmulai, TanggalSelesai, Alasan, Repetisi, NIPdosen) values (50, '03/02/2016', '12/11/2016', 'Phasellus in felis.', null, 10);

insert into DOSEN_PENGUJI (IDMKS, NIPdosenpenguji) values (8, 14);
insert into DOSEN_PENGUJI (IDMKS, NIPdosenpenguji) values (1, 2);
insert into DOSEN_PENGUJI (IDMKS, NIPdosenpenguji) values (10, 7);
insert into DOSEN_PENGUJI (IDMKS, NIPdosenpenguji) values (4, 9);
insert into DOSEN_PENGUJI (IDMKS, NIPdosenpenguji) values (2, 9);
insert into DOSEN_PENGUJI (IDMKS, NIPdosenpenguji) values (3, 19);
insert into DOSEN_PENGUJI (IDMKS, NIPdosenpenguji) values (3, 25);
insert into DOSEN_PENGUJI (IDMKS, NIPdosenpenguji) values (3, 3);
insert into DOSEN_PENGUJI (IDMKS, NIPdosenpenguji) values (5, 1);
insert into DOSEN_PENGUJI (IDMKS, NIPdosenpenguji) values (8, 15);
insert into DOSEN_PENGUJI (IDMKS, NIPdosenpenguji) values (2, 3);
insert into DOSEN_PENGUJI (IDMKS, NIPdosenpenguji) values (5, 23);
insert into DOSEN_PENGUJI (IDMKS, NIPdosenpenguji) values (3, 8);
insert into DOSEN_PENGUJI (IDMKS, NIPdosenpenguji) values (3, 4);
insert into DOSEN_PENGUJI (IDMKS, NIPdosenpenguji) values (8, 9);
insert into DOSEN_PENGUJI (IDMKS, NIPdosenpenguji) values (3, 6);
insert into DOSEN_PENGUJI (IDMKS, NIPdosenpenguji) values (9, 7);
insert into DOSEN_PENGUJI (IDMKS, NIPdosenpenguji) values (4, 23);
insert into DOSEN_PENGUJI (IDMKS, NIPdosenpenguji) values (8, 19);
insert into DOSEN_PENGUJI (IDMKS, NIPdosenpenguji) values (9, 10);
insert into DOSEN_PENGUJI (IDMKS, NIPdosenpenguji) values (1, 20);
insert into DOSEN_PENGUJI (IDMKS, NIPdosenpenguji) values (2, 23);
insert into DOSEN_PENGUJI (IDMKS, NIPdosenpenguji) values (5, 24);
insert into DOSEN_PENGUJI (IDMKS, NIPdosenpenguji) values (9, 6);
insert into DOSEN_PENGUJI (IDMKS, NIPdosenpenguji) values (3, 30);
insert into DOSEN_PENGUJI (IDMKS, NIPdosenpenguji) values (7, 8);
insert into DOSEN_PENGUJI (IDMKS, NIPdosenpenguji) values (3, 23);
insert into DOSEN_PENGUJI (IDMKS, NIPdosenpenguji) values (9, 9);
insert into DOSEN_PENGUJI (IDMKS, NIPdosenpenguji) values (7, 23);
insert into DOSEN_PENGUJI (IDMKS, NIPdosenpenguji) values (1, 3);
insert into DOSEN_PENGUJI (IDMKS, NIPdosenpenguji) values (2, 7);
insert into DOSEN_PENGUJI (IDMKS, NIPdosenpenguji) values (9, 3);
insert into DOSEN_PENGUJI (IDMKS, NIPdosenpenguji) values (6, 9);
insert into DOSEN_PENGUJI (IDMKS, NIPdosenpenguji) values (6, 5);
insert into DOSEN_PENGUJI (IDMKS, NIPdosenpenguji) values (1, 7);
insert into DOSEN_PENGUJI (IDMKS, NIPdosenpenguji) values (9, 12);
insert into DOSEN_PENGUJI (IDMKS, NIPdosenpenguji) values (9, 13);
insert into DOSEN_PENGUJI (IDMKS, NIPdosenpenguji) values (3, 9);
insert into DOSEN_PENGUJI (IDMKS, NIPdosenpenguji) values (7, 6);
insert into DOSEN_PENGUJI (IDMKS, NIPdosenpenguji) values (5, 2);
insert into DOSEN_PENGUJI (IDMKS, NIPdosenpenguji) values (2, 30);
insert into DOSEN_PENGUJI (IDMKS, NIPdosenpenguji) values (9, 16);
insert into DOSEN_PENGUJI (IDMKS, NIPdosenpenguji) values (9, 4);
insert into DOSEN_PENGUJI (IDMKS, NIPdosenpenguji) values (1, 12);
insert into DOSEN_PENGUJI (IDMKS, NIPdosenpenguji) values (10, 8);
insert into DOSEN_PENGUJI (IDMKS, NIPdosenpenguji) values (6, 3);
insert into DOSEN_PENGUJI (IDMKS, NIPdosenpenguji) values (9, 15);
insert into DOSEN_PENGUJI (IDMKS, NIPdosenpenguji) values (2, 6);
insert into DOSEN_PENGUJI (IDMKS, NIPdosenpenguji) values (5, 4);
insert into DOSEN_PENGUJI (IDMKS, NIPdosenpenguji) values (10, 6);
insert into DOSEN_PENGUJI (IDMKS, NIPdosenpenguji) values (9, 19);
insert into DOSEN_PENGUJI (IDMKS, NIPdosenpenguji) values (12, 16);
insert into DOSEN_PENGUJI (IDMKS, NIPdosenpenguji) values (9, 2);
insert into DOSEN_PENGUJI (IDMKS, NIPdosenpenguji) values (4, 2);
insert into DOSEN_PENGUJI (IDMKS, NIPdosenpenguji) values (2, 4);
insert into DOSEN_PENGUJI (IDMKS, NIPdosenpenguji) values (2, 1);
insert into DOSEN_PENGUJI (IDMKS, NIPdosenpenguji) values (8, 17);
insert into DOSEN_PENGUJI (IDMKS, NIPdosenpenguji) values (8, 4);
insert into DOSEN_PENGUJI (IDMKS, NIPdosenpenguji) values (1, 29);
insert into DOSEN_PENGUJI (IDMKS, NIPdosenpenguji) values (7, 2);

insert into SARAN_DOSEN_PENGUJI (IDMKS, NIPsaranpenguji) values (3, 8);
insert into SARAN_DOSEN_PENGUJI (IDMKS, NIPsaranpenguji) values (8, 9);
insert into SARAN_DOSEN_PENGUJI (IDMKS, NIPsaranpenguji) values (8, 1);
insert into SARAN_DOSEN_PENGUJI (IDMKS, NIPsaranpenguji) values (7, 7);
insert into SARAN_DOSEN_PENGUJI (IDMKS, NIPsaranpenguji) values (8, 7);
insert into SARAN_DOSEN_PENGUJI (IDMKS, NIPsaranpenguji) values (4, 9);
insert into SARAN_DOSEN_PENGUJI (IDMKS, NIPsaranpenguji) values (10, 6);
insert into SARAN_DOSEN_PENGUJI (IDMKS, NIPsaranpenguji) values (1, 29);
insert into SARAN_DOSEN_PENGUJI (IDMKS, NIPsaranpenguji) values (10, 30);
insert into SARAN_DOSEN_PENGUJI (IDMKS, NIPsaranpenguji) values (1, 1);
insert into SARAN_DOSEN_PENGUJI (IDMKS, NIPsaranpenguji) values (3, 2);
insert into SARAN_DOSEN_PENGUJI (IDMKS, NIPsaranpenguji) values (7, 6);
insert into SARAN_DOSEN_PENGUJI (IDMKS, NIPsaranpenguji) values (6, 1);
insert into SARAN_DOSEN_PENGUJI (IDMKS, NIPsaranpenguji) values (5, 10);
insert into SARAN_DOSEN_PENGUJI (IDMKS, NIPsaranpenguji) values (8, 2);
insert into SARAN_DOSEN_PENGUJI (IDMKS, NIPsaranpenguji) values (8, 6);
insert into SARAN_DOSEN_PENGUJI (IDMKS, NIPsaranpenguji) values (8, 30);
insert into SARAN_DOSEN_PENGUJI (IDMKS, NIPsaranpenguji) values (3, 4);
insert into SARAN_DOSEN_PENGUJI (IDMKS, NIPsaranpenguji) values (7, 17);
insert into SARAN_DOSEN_PENGUJI (IDMKS, NIPsaranpenguji) values (10, 18);
insert into SARAN_DOSEN_PENGUJI (IDMKS, NIPsaranpenguji) values (9, 6);
insert into SARAN_DOSEN_PENGUJI (IDMKS, NIPsaranpenguji) values (5, 18);
insert into SARAN_DOSEN_PENGUJI (IDMKS, NIPsaranpenguji) values (1, 3);
insert into SARAN_DOSEN_PENGUJI (IDMKS, NIPsaranpenguji) values (4, 2);
insert into SARAN_DOSEN_PENGUJI (IDMKS, NIPsaranpenguji) values (1, 5);
insert into SARAN_DOSEN_PENGUJI (IDMKS, NIPsaranpenguji) values (9, 9);
insert into SARAN_DOSEN_PENGUJI (IDMKS, NIPsaranpenguji) values (2, 4);
insert into SARAN_DOSEN_PENGUJI (IDMKS, NIPsaranpenguji) values (4, 5);
insert into SARAN_DOSEN_PENGUJI (IDMKS, NIPsaranpenguji) values (2, 10);
insert into SARAN_DOSEN_PENGUJI (IDMKS, NIPsaranpenguji) values (7, 9);
insert into SARAN_DOSEN_PENGUJI (IDMKS, NIPsaranpenguji) values (3, 18);
insert into SARAN_DOSEN_PENGUJI (IDMKS, NIPsaranpenguji) values (3, 14);
insert into SARAN_DOSEN_PENGUJI (IDMKS, NIPsaranpenguji) values (10, 5);
insert into SARAN_DOSEN_PENGUJI (IDMKS, NIPsaranpenguji) values (4, 7);
insert into SARAN_DOSEN_PENGUJI (IDMKS, NIPsaranpenguji) values (9, 5);
insert into SARAN_DOSEN_PENGUJI (IDMKS, NIPsaranpenguji) values (10, 3);
insert into SARAN_DOSEN_PENGUJI (IDMKS, NIPsaranpenguji) values (1, 4);
insert into SARAN_DOSEN_PENGUJI (IDMKS, NIPsaranpenguji) values (8, 19);
insert into SARAN_DOSEN_PENGUJI (IDMKS, NIPsaranpenguji) values (4, 3);
insert into SARAN_DOSEN_PENGUJI (IDMKS, NIPsaranpenguji) values (3, 7);
insert into SARAN_DOSEN_PENGUJI (IDMKS, NIPsaranpenguji) values (4, 8);
insert into SARAN_DOSEN_PENGUJI (IDMKS, NIPsaranpenguji) values (3, 10);
insert into SARAN_DOSEN_PENGUJI (IDMKS, NIPsaranpenguji) values (6, 11);
insert into SARAN_DOSEN_PENGUJI (IDMKS, NIPsaranpenguji) values (7, 19);
insert into SARAN_DOSEN_PENGUJI (IDMKS, NIPsaranpenguji) values (4, 1);
insert into SARAN_DOSEN_PENGUJI (IDMKS, NIPsaranpenguji) values (4, 12);
insert into SARAN_DOSEN_PENGUJI (IDMKS, NIPsaranpenguji) values (10, 17);
insert into SARAN_DOSEN_PENGUJI (IDMKS, NIPsaranpenguji) values (8, 3);
insert into SARAN_DOSEN_PENGUJI (IDMKS, NIPsaranpenguji) values (3, 5);
insert into SARAN_DOSEN_PENGUJI (IDMKS, NIPsaranpenguji) values (8, 22);

insert into DOSEN_PEMBIMBING (IDMKS, NIPdosenpembimbing) values (2, 4);
insert into DOSEN_PEMBIMBING (IDMKS, NIPdosenpembimbing) values (7, 6);
insert into DOSEN_PEMBIMBING (IDMKS, NIPdosenpembimbing) values (8, 13);
insert into DOSEN_PEMBIMBING (IDMKS, NIPdosenpembimbing) values (8, 6);
insert into DOSEN_PEMBIMBING (IDMKS, NIPdosenpembimbing) values (8, 4);
insert into DOSEN_PEMBIMBING (IDMKS, NIPdosenpembimbing) values (6, 4);
insert into DOSEN_PEMBIMBING (IDMKS, NIPdosenpembimbing) values (2, 8);
insert into DOSEN_PEMBIMBING (IDMKS, NIPdosenpembimbing) values (1, 7);
insert into DOSEN_PEMBIMBING (IDMKS, NIPdosenpembimbing) values (10, 7);
insert into DOSEN_PEMBIMBING (IDMKS, NIPdosenpembimbing) values (3, 3);
insert into DOSEN_PEMBIMBING (IDMKS, NIPdosenpembimbing) values (1, 8);
insert into DOSEN_PEMBIMBING (IDMKS, NIPdosenpembimbing) values (10, 8);
insert into DOSEN_PEMBIMBING (IDMKS, NIPdosenpembimbing) values (6, 7);
insert into DOSEN_PEMBIMBING (IDMKS, NIPdosenpembimbing) values (9, 2);
insert into DOSEN_PEMBIMBING (IDMKS, NIPdosenpembimbing) values (6, 5);
insert into DOSEN_PEMBIMBING (IDMKS, NIPdosenpembimbing) values (6, 25);
insert into DOSEN_PEMBIMBING (IDMKS, NIPdosenpembimbing) values (5, 9);
insert into DOSEN_PEMBIMBING (IDMKS, NIPdosenpembimbing) values (4, 17);
insert into DOSEN_PEMBIMBING (IDMKS, NIPdosenpembimbing) values (9, 5);
insert into DOSEN_PEMBIMBING (IDMKS, NIPdosenpembimbing) values (9, 29);
insert into DOSEN_PEMBIMBING (IDMKS, NIPdosenpembimbing) values (3, 8);
insert into DOSEN_PEMBIMBING (IDMKS, NIPdosenpembimbing) values (4, 5);
insert into DOSEN_PEMBIMBING (IDMKS, NIPdosenpembimbing) values (2, 9);
insert into DOSEN_PEMBIMBING (IDMKS, NIPdosenpembimbing) values (3, 11);
insert into DOSEN_PEMBIMBING (IDMKS, NIPdosenpembimbing) values (6, 17);
insert into DOSEN_PEMBIMBING (IDMKS, NIPdosenpembimbing) values (5, 6);
insert into DOSEN_PEMBIMBING (IDMKS, NIPdosenpembimbing) values (10, 5);
insert into DOSEN_PEMBIMBING (IDMKS, NIPdosenpembimbing) values (2, 28);
insert into DOSEN_PEMBIMBING (IDMKS, NIPdosenpembimbing) values (7, 4);
insert into DOSEN_PEMBIMBING (IDMKS, NIPdosenpembimbing) values (6, 6);
insert into DOSEN_PEMBIMBING (IDMKS, NIPdosenpembimbing) values (7, 3);
insert into DOSEN_PEMBIMBING (IDMKS, NIPdosenpembimbing) values (9, 10);
insert into DOSEN_PEMBIMBING (IDMKS, NIPdosenpembimbing) values (6, 27);
insert into DOSEN_PEMBIMBING (IDMKS, NIPdosenpembimbing) values (6, 3);
insert into DOSEN_PEMBIMBING (IDMKS, NIPdosenpembimbing) values (2, 2);
insert into DOSEN_PEMBIMBING (IDMKS, NIPdosenpembimbing) values (4, 1);
insert into DOSEN_PEMBIMBING (IDMKS, NIPdosenpembimbing) values (2, 10);
insert into DOSEN_PEMBIMBING (IDMKS, NIPdosenpembimbing) values (6, 8);
insert into DOSEN_PEMBIMBING (IDMKS, NIPdosenpembimbing) values (8, 9);
insert into DOSEN_PEMBIMBING (IDMKS, NIPdosenpembimbing) values (6, 13);
insert into DOSEN_PEMBIMBING (IDMKS, NIPdosenpembimbing) values (8, 23);
insert into DOSEN_PEMBIMBING (IDMKS, NIPdosenpembimbing) values (7, 17);
insert into DOSEN_PEMBIMBING (IDMKS, NIPdosenpembimbing) values (2, 5);
insert into DOSEN_PEMBIMBING (IDMKS, NIPdosenpembimbing) values (9, 25);
insert into DOSEN_PEMBIMBING (IDMKS, NIPdosenpembimbing) values (10, 11);
insert into DOSEN_PEMBIMBING (IDMKS, NIPdosenpembimbing) values (1, 27);
insert into DOSEN_PEMBIMBING (IDMKS, NIPdosenpembimbing) values (10, 25);
insert into DOSEN_PEMBIMBING (IDMKS, NIPdosenpembimbing) values (2, 14);
insert into DOSEN_PEMBIMBING (IDMKS, NIPdosenpembimbing) values (9, 19);
insert into DOSEN_PEMBIMBING (IDMKS, NIPdosenpembimbing) values (3, 13);
insert into DOSEN_PEMBIMBING (IDMKS, NIPdosenpembimbing) values (5, 26);
insert into DOSEN_PEMBIMBING (IDMKS, NIPdosenpembimbing) values (3, 23);
insert into DOSEN_PEMBIMBING (IDMKS, NIPdosenpembimbing) values (4, 25);
insert into DOSEN_PEMBIMBING (IDMKS, NIPdosenpembimbing) values (2, 19);
insert into DOSEN_PEMBIMBING (IDMKS, NIPdosenpembimbing) values (5, 16);
insert into DOSEN_PEMBIMBING (IDMKS, NIPdosenpembimbing) values (4, 9);
insert into DOSEN_PEMBIMBING (IDMKS, NIPdosenpembimbing) values (8, 8);
insert into DOSEN_PEMBIMBING (IDMKS, NIPdosenpembimbing) values (6, 26);
insert into DOSEN_PEMBIMBING (IDMKS, NIPdosenpembimbing) values (4, 8);
insert into DOSEN_PEMBIMBING (IDMKS, NIPdosenpembimbing) values (2, 7);

insert into JADWAL_SIDANG (iDJadwal, IdMKS, Tanggal, JamMulai, JamSelesai, IdRuangan) values (1, 1, '12/03/2016', '6:51 PM', '9:19 AM', 1);
insert into JADWAL_SIDANG (iDJadwal, IdMKS, Tanggal, JamMulai, JamSelesai, IdRuangan) values (2, 2, '03/08/2016', '3:38 AM', '3:48 PM', 2);
insert into JADWAL_SIDANG (iDJadwal, IdMKS, Tanggal, JamMulai, JamSelesai, IdRuangan) values (3, 3, '12/10/2016', '4:27 PM', '1:46 AM', 3);
insert into JADWAL_SIDANG (iDJadwal, IdMKS, Tanggal, JamMulai, JamSelesai, IdRuangan) values (4, 4, '12/02/2016', '12:34 PM', '5:42 AM', 4);
insert into JADWAL_SIDANG (iDJadwal, IdMKS, Tanggal, JamMulai, JamSelesai, IdRuangan) values (5, 5, '03/08/2016', '2:44 AM', '5:21 PM', 5);
insert into JADWAL_SIDANG (iDJadwal, IdMKS, Tanggal, JamMulai, JamSelesai, IdRuangan) values (6, 6, '01/05/2016', '6:37 AM', '6:58 PM', 6);
insert into JADWAL_SIDANG (iDJadwal, IdMKS, Tanggal, JamMulai, JamSelesai, IdRuangan) values (7, 7, '05/10/2016', '2:41 AM', '12:50 AM', 7);
insert into JADWAL_SIDANG (iDJadwal, IdMKS, Tanggal, JamMulai, JamSelesai, IdRuangan) values (8, 8, '12/03/2016', '3:31 AM', '6:11 PM', 8);
insert into JADWAL_SIDANG (iDJadwal, IdMKS, Tanggal, JamMulai, JamSelesai, IdRuangan) values (9, 9, '02/04/2016', '5:28 AM', '2:07 AM', 9);
insert into JADWAL_SIDANG (iDJadwal, IdMKS, Tanggal, JamMulai, JamSelesai, IdRuangan) values (10, 10, '10/02/2016', '9:21 AM', '11:57 PM', 10);
insert into JADWAL_SIDANG (iDJadwal, IdMKS, Tanggal, JamMulai, JamSelesai, IdRuangan) values (11, 1, '02/11/2016', '4:37 AM', '6:08 AM', 11);
insert into JADWAL_SIDANG (iDJadwal, IdMKS, Tanggal, JamMulai, JamSelesai, IdRuangan) values (12, 2, '03/03/2016', '3:27 AM', '4:35 AM', 12);
insert into JADWAL_SIDANG (iDJadwal, IdMKS, Tanggal, JamMulai, JamSelesai, IdRuangan) values (13, 3, '06/07/2016', '9:37 PM', '6:07 PM', 13);
insert into JADWAL_SIDANG (iDJadwal, IdMKS, Tanggal, JamMulai, JamSelesai, IdRuangan) values (14, 4, '03/08/2016', '12:21 AM', '12:44 AM', 14);
insert into JADWAL_SIDANG (iDJadwal, IdMKS, Tanggal, JamMulai, JamSelesai, IdRuangan) values (15, 5, '11/07/2016', '2:56 PM', '5:11 AM', 15);
insert into JADWAL_SIDANG (iDJadwal, IdMKS, Tanggal, JamMulai, JamSelesai, IdRuangan) values (16, 6, '11/02/2016', '1:14 AM', '11:03 PM', 16);
insert into JADWAL_SIDANG (iDJadwal, IdMKS, Tanggal, JamMulai, JamSelesai, IdRuangan) values (17, 7, '01/07/2016', '12:50 PM', '8:02 AM', 17);
insert into JADWAL_SIDANG (iDJadwal, IdMKS, Tanggal, JamMulai, JamSelesai, IdRuangan) values (18, 8, '10/02/2016', '1:31 AM', '12:22 AM', 18);
insert into JADWAL_SIDANG (iDJadwal, IdMKS, Tanggal, JamMulai, JamSelesai, IdRuangan) values (19, 9, '10/03/2016', '6:37 PM', '9:47 AM', 19);
insert into JADWAL_SIDANG (iDJadwal, IdMKS, Tanggal, JamMulai, JamSelesai, IdRuangan) values (20, 10, '08/05/2016', '1:07 PM', '9:42 PM', 20);
insert into JADWAL_SIDANG (iDJadwal, IdMKS, Tanggal, JamMulai, JamSelesai, IdRuangan) values (21, 1, '12/08/2016', '4:35 AM', '2:50 PM', 1);
insert into JADWAL_SIDANG (iDJadwal, IdMKS, Tanggal, JamMulai, JamSelesai, IdRuangan) values (22, 2, '11/03/2016', '8:32 AM', '1:09 AM', 2);
insert into JADWAL_SIDANG (iDJadwal, IdMKS, Tanggal, JamMulai, JamSelesai, IdRuangan) values (23, 3, '07/11/2016', '4:35 AM', '7:10 PM', 3);
insert into JADWAL_SIDANG (iDJadwal, IdMKS, Tanggal, JamMulai, JamSelesai, IdRuangan) values (24, 4, '08/04/2016', '7:39 PM', '1:36 AM', 4);
insert into JADWAL_SIDANG (iDJadwal, IdMKS, Tanggal, JamMulai, JamSelesai, IdRuangan) values (25, 5, '01/03/2016', '7:00 PM', '12:54 PM', 5);
insert into JADWAL_SIDANG (iDJadwal, IdMKS, Tanggal, JamMulai, JamSelesai, IdRuangan) values (26, 6, '09/10/2016', '2:49 PM', '5:42 PM', 6);
insert into JADWAL_SIDANG (iDJadwal, IdMKS, Tanggal, JamMulai, JamSelesai, IdRuangan) values (27, 7, '06/12/2016', '8:53 PM', '6:25 PM', 7);
insert into JADWAL_SIDANG (iDJadwal, IdMKS, Tanggal, JamMulai, JamSelesai, IdRuangan) values (28, 8, '11/07/2016', '10:11 AM', '5:55 PM', 8);
insert into JADWAL_SIDANG (iDJadwal, IdMKS, Tanggal, JamMulai, JamSelesai, IdRuangan) values (29, 9, '04/06/2016', '8:26 AM', '5:46 PM', 9);
insert into JADWAL_SIDANG (iDJadwal, IdMKS, Tanggal, JamMulai, JamSelesai, IdRuangan) values (30, 10, '05/02/2016', '9:21 PM', '8:17 AM', 10);
insert into JADWAL_SIDANG (iDJadwal, IdMKS, Tanggal, JamMulai, JamSelesai, IdRuangan) values (31, 1, '07/06/2016', '2:16 AM', '9:21 AM', 1);
insert into JADWAL_SIDANG (iDJadwal, IdMKS, Tanggal, JamMulai, JamSelesai, IdRuangan) values (32, 2, '08/12/2016', '2:29 PM', '11:32 AM', 2);
insert into JADWAL_SIDANG (iDJadwal, IdMKS, Tanggal, JamMulai, JamSelesai, IdRuangan) values (33, 3, '04/02/2016', '8:02 PM', '12:42 PM', 3);
insert into JADWAL_SIDANG (iDJadwal, IdMKS, Tanggal, JamMulai, JamSelesai, IdRuangan) values (34, 4, '09/09/2016', '5:21 PM', '10:19 PM', 4);
insert into JADWAL_SIDANG (iDJadwal, IdMKS, Tanggal, JamMulai, JamSelesai, IdRuangan) values (35, 5, '04/12/2016', '2:02 AM', '10:44 PM', 5);
insert into JADWAL_SIDANG (iDJadwal, IdMKS, Tanggal, JamMulai, JamSelesai, IdRuangan) values (36, 6, '01/01/2016', '11:24 AM', '8:27 AM', 6);
insert into JADWAL_SIDANG (iDJadwal, IdMKS, Tanggal, JamMulai, JamSelesai, IdRuangan) values (37, 7, '06/12/2016', '1:49 AM', '3:17 PM', 7);
insert into JADWAL_SIDANG (iDJadwal, IdMKS, Tanggal, JamMulai, JamSelesai, IdRuangan) values (38, 8, '06/03/2016', '2:36 PM', '9:37 PM', 8);
insert into JADWAL_SIDANG (iDJadwal, IdMKS, Tanggal, JamMulai, JamSelesai, IdRuangan) values (39, 9, '09/07/2016', '7:04 AM', '11:58 PM', 9);
insert into JADWAL_SIDANG (iDJadwal, IdMKS, Tanggal, JamMulai, JamSelesai, IdRuangan) values (40, 10, '11/03/2016', '8:22 AM', '4:52 AM', 10);
insert into JADWAL_SIDANG (iDJadwal, IdMKS, Tanggal, JamMulai, JamSelesai, IdRuangan) values (41, 1, '03/09/2016', '1:55 AM', '9:36 AM', 1);
insert into JADWAL_SIDANG (iDJadwal, IdMKS, Tanggal, JamMulai, JamSelesai, IdRuangan) values (42, 2, '10/12/2016', '12:45 PM', '3:33 AM', 2);
insert into JADWAL_SIDANG (iDJadwal, IdMKS, Tanggal, JamMulai, JamSelesai, IdRuangan) values (43, 3, '10/01/2016', '3:46 AM', '9:41 AM', 3);
insert into JADWAL_SIDANG (iDJadwal, IdMKS, Tanggal, JamMulai, JamSelesai, IdRuangan) values (44, 4, '08/07/2016', '5:21 PM', '4:06 AM', 4);
insert into JADWAL_SIDANG (iDJadwal, IdMKS, Tanggal, JamMulai, JamSelesai, IdRuangan) values (45, 5, '10/01/2016', '5:11 AM', '4:22 PM', 5);
insert into JADWAL_SIDANG (iDJadwal, IdMKS, Tanggal, JamMulai, JamSelesai, IdRuangan) values (46, 6, '12/01/2016', '11:05 PM', '11:05 AM', 6);
insert into JADWAL_SIDANG (iDJadwal, IdMKS, Tanggal, JamMulai, JamSelesai, IdRuangan) values (47, 7, '05/08/2016', '8:13 PM', '4:50 AM', 7);
insert into JADWAL_SIDANG (iDJadwal, IdMKS, Tanggal, JamMulai, JamSelesai, IdRuangan) values (48, 8, '07/11/2016', '8:49 PM', '6:59 AM', 8);
insert into JADWAL_SIDANG (iDJadwal, IdMKS, Tanggal, JamMulai, JamSelesai, IdRuangan) values (49, 9, '06/05/2016', '4:28 AM', '3:24 PM', 9);
insert into JADWAL_SIDANG (iDJadwal, IdMKS, Tanggal, JamMulai, JamSelesai, IdRuangan) values (50, 10, '09/08/2016', '11:15 AM', '12:50 AM', 10);

insert into BERKAS (iDBerkas, IdMKS, Nama, Alamat) values (1, 1, 'Octinoxate and Oxybenzone', '32 Holmberg Pass');
insert into BERKAS (iDBerkas, IdMKS, Nama, Alamat) values (2, 2, 'Ascorbic acid, folic acid, cyanocobalamin, and ferrous fumarate', '6 Menomonie Crossing');
insert into BERKAS (iDBerkas, IdMKS, Nama, Alamat) values (3, 3, 'chloroxylenol', '700 Wayridge Pass');
insert into BERKAS (iDBerkas, IdMKS, Nama, Alamat) values (4, 4, 'Albumin (Human)', '7 Oriole Parkway');
insert into BERKAS (iDBerkas, IdMKS, Nama, Alamat) values (5, 5, 'Amlodipine besylate', '7274 Kingsford Circle');
insert into BERKAS (iDBerkas, IdMKS, Nama, Alamat) values (6, 6, 'Cinnamon', '61 Golf View Terrace');
insert into BERKAS (iDBerkas, IdMKS, Nama, Alamat) values (7, 7, 'CYCLOSERINE', '6382 Village Place');
insert into BERKAS (iDBerkas, IdMKS, Nama, Alamat) values (8, 8, 'Triclosan', '9192 Memorial Circle');
insert into BERKAS (iDBerkas, IdMKS, Nama, Alamat) values (9, 9, 'Menthol', '5 Lighthouse Bay Park');
insert into BERKAS (iDBerkas, IdMKS, Nama, Alamat) values (10, 10, 'Bacitracin', '544 Buhler Circle');
insert into BERKAS (iDBerkas, IdMKS, Nama, Alamat) values (11, 1, 'DOCUSATE SODIUM', '71393 Arapahoe Hill');
insert into BERKAS (iDBerkas, IdMKS, Nama, Alamat) values (12, 2, 'Atenolol', '2 Talisman Street');
insert into BERKAS (iDBerkas, IdMKS, Nama, Alamat) values (13, 3, 'Lovastatin', '38465 Del Mar Way');
insert into BERKAS (iDBerkas, IdMKS, Nama, Alamat) values (14, 4, 'POVIDONE-IODINE', '426 Shasta Road');
insert into BERKAS (iDBerkas, IdMKS, Nama, Alamat) values (15, 5, 'Standardized Grass Pollen, Orchard Grass', '569 Dapin Court');
insert into BERKAS (iDBerkas, IdMKS, Nama, Alamat) values (16, 6, 'MENTHOL', '5125 Alpine Court');
insert into BERKAS (iDBerkas, IdMKS, Nama, Alamat) values (17, 7, 'CAPSELLA BURSA-PASTORIS', '442 Warbler Terrace');
insert into BERKAS (iDBerkas, IdMKS, Nama, Alamat) values (18, 8, 'Clotrimazole', '6 Union Alley');
insert into BERKAS (iDBerkas, IdMKS, Nama, Alamat) values (19, 9, 'losartan potassium', '1184 Delladonna Trail');
insert into BERKAS (iDBerkas, IdMKS, Nama, Alamat) values (20, 10, 'ALCOHOL', '1190 Grasskamp Parkway');
insert into BERKAS (iDBerkas, IdMKS, Nama, Alamat) values (21, 1, 'SELENUM SULFIDE', '1 American Ash Court');
insert into BERKAS (iDBerkas, IdMKS, Nama, Alamat) values (22, 2, 'California Mugwort', '08176 Homewood Court');
insert into BERKAS (iDBerkas, IdMKS, Nama, Alamat) values (23, 3, 'Lidocaine', '72 Caliangt Drive');
insert into BERKAS (iDBerkas, IdMKS, Nama, Alamat) values (24, 4, 'Loperamide HCl', '3 Melrose Trail');
insert into BERKAS (iDBerkas, IdMKS, Nama, Alamat) values (25, 5, 'Antiperspirant and Deodorant', '975 Cordelia Pass');
insert into BERKAS (iDBerkas, IdMKS, Nama, Alamat) values (26, 6, 'Citrus Limonum, Taraxacum Officinale, Uva Ursi', '3 Westport Parkway');
insert into BERKAS (iDBerkas, IdMKS, Nama, Alamat) values (27, 7, 'doxazosin mesylate', '60909 Erie Place');
insert into BERKAS (iDBerkas, IdMKS, Nama, Alamat) values (28, 8, 'Paroxetine Hydrochloride', '6 Coolidge Road');
insert into BERKAS (iDBerkas, IdMKS, Nama, Alamat) values (29, 9, 'OCTINOXATE', '40630 Myrtle Park');
insert into BERKAS (iDBerkas, IdMKS, Nama, Alamat) values (30, 10, 'LACHNANTHES CAROLINIANA', '30023 Paget Place');
insert into BERKAS (iDBerkas, IdMKS, Nama, Alamat) values (31, 1, 'AVOBENZONE, OCTINOXATE, OCTOCRYLENE', '6463 Oxford Terrace');
insert into BERKAS (iDBerkas, IdMKS, Nama, Alamat) values (32, 2, 'ciprofloxacin', '059 Browning Terrace');
insert into BERKAS (iDBerkas, IdMKS, Nama, Alamat) values (33, 3, 'tizanidine hydrochloride', '41956 Katie Park');
insert into BERKAS (iDBerkas, IdMKS, Nama, Alamat) values (34, 4, 'Avobenzone, Octyl Methoxycinnamate', '8 Dakota Street');
insert into BERKAS (iDBerkas, IdMKS, Nama, Alamat) values (35, 5, 'EPLERENONE', '670 Lakewood Gardens Hill');
insert into BERKAS (iDBerkas, IdMKS, Nama, Alamat) values (36, 6, 'Quinidine Sulfate', '254 Talisman Avenue');
insert into BERKAS (iDBerkas, IdMKS, Nama, Alamat) values (37, 7, 'Diphenhydramine HCl', '3 Division Lane');
insert into BERKAS (iDBerkas, IdMKS, Nama, Alamat) values (38, 8, 'Dextroamphetamine Saccharate, Amphetamine Aspartate', '75 Goodland Road');
insert into BERKAS (iDBerkas, IdMKS, Nama, Alamat) values (39, 9, 'LAMOTRIGINE', '65903 Merrick Court');
insert into BERKAS (iDBerkas, IdMKS, Nama, Alamat) values (40, 10, 'Benzocaine', '986 Prairie Rose Hill');
insert into BERKAS (iDBerkas, IdMKS, Nama, Alamat) values (41, 1, 'ibuprofen', '49 Gulseth Pass');
insert into BERKAS (iDBerkas, IdMKS, Nama, Alamat) values (42, 2, 'Miconazole Nitrate', '769 South Point');
insert into BERKAS (iDBerkas, IdMKS, Nama, Alamat) values (43, 3, 'Diflunisal', '80985 Kipling Place');
insert into BERKAS (iDBerkas, IdMKS, Nama, Alamat) values (44, 4, 'Aesculus hippocastanum, flos, Agrimonia eupatoria, flos, Apocynum cannabinum, Arsenicum album', '9 Golf Course Road');
insert into BERKAS (iDBerkas, IdMKS, Nama, Alamat) values (45, 5, 'Candesartan cilexetil and Hydrochlorothiazide', '40886 Fremont Circle');
insert into BERKAS (iDBerkas, IdMKS, Nama, Alamat) values (46, 6, 'Salicylic acid', '761 Buhler Terrace');
insert into BERKAS (iDBerkas, IdMKS, Nama, Alamat) values (47, 7, 'Ketotifen Fumarate', '0 Vahlen Trail');
insert into BERKAS (iDBerkas, IdMKS, Nama, Alamat) values (48, 8, 'Cetirizine Hydrochloride', '2911 Center Hill');
insert into BERKAS (iDBerkas, IdMKS, Nama, Alamat) values (49, 9, 'Aurum metallicum, Aurum muriaticum natronatum, Baryta carbonica, Baryta muriatica', '80251 Lyons Point');
insert into BERKAS (iDBerkas, IdMKS, Nama, Alamat) values (50, 10, 'Octinoxate Oxybenzone', '11 Shelley Avenue');
insert into BERKAS (iDBerkas, IdMKS, Nama, Alamat) values (51, 1, 'tinidazole', '3 Vernon Circle');
insert into BERKAS (iDBerkas, IdMKS, Nama, Alamat) values (52, 2, 'PAROXETINE HYDROCHLORIDE', '1 Bartillon Crossing');
insert into BERKAS (iDBerkas, IdMKS, Nama, Alamat) values (53, 3, 'Pseudoephedrine HCl', '2 Crescent Oaks Circle');
insert into BERKAS (iDBerkas, IdMKS, Nama, Alamat) values (54, 4, 'Sodium Chloride', '77224 Meadow Vale Junction');
insert into BERKAS (iDBerkas, IdMKS, Nama, Alamat) values (55, 5, 'Dextroamphetamine Saccharate, Amphetamine Aspartate', '60 Iowa Terrace');
insert into BERKAS (iDBerkas, IdMKS, Nama, Alamat) values (56, 6, 'Glycerin Suppository', '399 Almo Junction');
insert into BERKAS (iDBerkas, IdMKS, Nama, Alamat) values (57, 7, 'TITANIUM DIOXIDE, ZINC OXIDE, ARBUTIN, ADENOSINE', '40 Reinke Lane');
insert into BERKAS (iDBerkas, IdMKS, Nama, Alamat) values (58, 8, 'ALCOHOL', '9 Weeping Birch Avenue');
insert into BERKAS (iDBerkas, IdMKS, Nama, Alamat) values (59, 9, 'NOT APPLICABLE', '13582 Killdeer Drive');
insert into BERKAS (iDBerkas, IdMKS, Nama, Alamat) values (60, 10, 'Isopropyl Alcohol', '16802 Washington Street');
insert into BERKAS (iDBerkas, IdMKS, Nama, Alamat) values (61, 1, 'Zolpidem Tartrate', '24486 Raven Avenue');
insert into BERKAS (iDBerkas, IdMKS, Nama, Alamat) values (62, 2, 'Lisinopril', '115 Lunder Plaza');
insert into BERKAS (iDBerkas, IdMKS, Nama, Alamat) values (63, 3, 'zinc oxide', '2 Brickson Park Junction');
insert into BERKAS (iDBerkas, IdMKS, Nama, Alamat) values (64, 4, 'Diltiazem Hydrochloride', '7 Monument Point');
insert into BERKAS (iDBerkas, IdMKS, Nama, Alamat) values (65, 5, 'Citalopram', '19 Pawling Crossing');
insert into BERKAS (iDBerkas, IdMKS, Nama, Alamat) values (66, 6, 'Acetaminophen', '7 Elmside Alley');
insert into BERKAS (iDBerkas, IdMKS, Nama, Alamat) values (67, 7, 'Dexamethasone', '160 Mcbride Point');
insert into BERKAS (iDBerkas, IdMKS, Nama, Alamat) values (68, 8, 'Propranolol Hydrochloride', '86 Annamark Drive');
insert into BERKAS (iDBerkas, IdMKS, Nama, Alamat) values (69, 9, 'TITANIUM DIOXIDE, ZINC OXIDE, ARBUTIN, ADENOSINE', '9510 Transport Pass');
insert into BERKAS (iDBerkas, IdMKS, Nama, Alamat) values (70, 10, 'Titanium dioxide', '907 Huxley Circle');
insert into BERKAS (iDBerkas, IdMKS, Nama, Alamat) values (71, 1, 'Risperidone', '6384 Colorado Avenue');
insert into BERKAS (iDBerkas, IdMKS, Nama, Alamat) values (72, 2, 'SODIUM FLUORIDE', '00340 Russell Trail');
insert into BERKAS (iDBerkas, IdMKS, Nama, Alamat) values (73, 3, 'amoxicillin and clavulanate potassium', '90667 Glacier Hill Drive');
insert into BERKAS (iDBerkas, IdMKS, Nama, Alamat) values (74, 4, 'Piperonyl butoxide, Pyrethrum extract', '01 Magdeline Terrace');
insert into BERKAS (iDBerkas, IdMKS, Nama, Alamat) values (75, 5, 'verapamil hydrochloride', '21413 6th Street');
insert into BERKAS (iDBerkas, IdMKS, Nama, Alamat) values (76, 6, 'Polyvinyl Alcohol', '9 Corscot Place');
insert into BERKAS (iDBerkas, IdMKS, Nama, Alamat) values (77, 7, 'Hydroquinone, Ethylhexyl Methoxycinnamate', '52 Waxwing Junction');
insert into BERKAS (iDBerkas, IdMKS, Nama, Alamat) values (78, 8, 'Chlorothiazide', '3174 Forster Point');
insert into BERKAS (iDBerkas, IdMKS, Nama, Alamat) values (79, 9, 'Salicylic Acid', '81500 Larry Junction');
insert into BERKAS (iDBerkas, IdMKS, Nama, Alamat) values (80, 10, 'Acetaminophen Salicylamide Aspirin', '1 Stoughton Pass');
insert into BERKAS (iDBerkas, IdMKS, Nama, Alamat) values (81, 1, 'Athomer', '68 Iowa Park');
insert into BERKAS (iDBerkas, IdMKS, Nama, Alamat) values (82, 2, 'Trifolium pratense, Nitricum acidum,', '1 Kenwood Crossing');
insert into BERKAS (iDBerkas, IdMKS, Nama, Alamat) values (83, 3, 'Acacia longifolia', '3772 Lawn Plaza');
insert into BERKAS (iDBerkas, IdMKS, Nama, Alamat) values (84, 4, 'Isoniazid', '7 Surrey Junction');
insert into BERKAS (iDBerkas, IdMKS, Nama, Alamat) values (85, 5, 'Dimenhydrinate', '56 Eastwood Hill');
insert into BERKAS (iDBerkas, IdMKS, Nama, Alamat) values (86, 6, 'Clomipramine Hydrochloride', '96 Packers Crossing');
insert into BERKAS (iDBerkas, IdMKS, Nama, Alamat) values (87, 7, 'Dextrose (glucose), Levulose (fructose), Phosphoric Acid', '5 Mccormick Point');
insert into BERKAS (iDBerkas, IdMKS, Nama, Alamat) values (88, 8, 'Triclosan', '23 Paget Trail');
insert into BERKAS (iDBerkas, IdMKS, Nama, Alamat) values (89, 9, 'sitagliptin and metformin hydrochloride', '63 Tomscot Terrace');
insert into BERKAS (iDBerkas, IdMKS, Nama, Alamat) values (90, 10, 'AVOBENZONE, OCTOCRYLENE, OXYBENZONE', '98 Fallview Parkway');
insert into BERKAS (iDBerkas, IdMKS, Nama, Alamat) values (91, 1, 'Coconut', '70 Clyde Gallagher Circle');
insert into BERKAS (iDBerkas, IdMKS, Nama, Alamat) values (92, 2, 'Acetaminophen, Phenylephrine HCl, Dextromethorphan HBr and Guiafenesin', '07 Moland Place');
insert into BERKAS (iDBerkas, IdMKS, Nama, Alamat) values (93, 3, 'Benzocaine', '628 Eliot Junction');
insert into BERKAS (iDBerkas, IdMKS, Nama, Alamat) values (94, 4, 'Echinacea (Angustifolia), Hydrastis canadensis, Tabebuia impetiginosa, Arsenicum album,', '87916 Schlimgen Terrace');
insert into BERKAS (iDBerkas, IdMKS, Nama, Alamat) values (95, 5, 'OCTINOXATE', '5860 Grayhawk Parkway');
insert into BERKAS (iDBerkas, IdMKS, Nama, Alamat) values (96, 6, 'Glyburide and Metformin Hydrochloride', '09932 Debra Road');
insert into BERKAS (iDBerkas, IdMKS, Nama, Alamat) values (97, 7, 'Mucor plumbeus', '4 7th Avenue');
insert into BERKAS (iDBerkas, IdMKS, Nama, Alamat) values (98, 8, 'Irbesartan', '044 Oakridge Circle');
insert into BERKAS (iDBerkas, IdMKS, Nama, Alamat) values (99, 9, 'Phenylephrine', '5671 Shasta Place');
insert into BERKAS (iDBerkas, IdMKS, Nama, Alamat) values (100, 10, 'Octinoxate', '0 Mayer Place');

insert into TIMELINE (IdTimeline, NamaEvent, Tanggal, Tahun, Semester) values (1, 'Gigaclub', '02/02/2016', 2016, 2);
insert into TIMELINE (IdTimeline, NamaEvent, Tanggal, Tahun, Semester) values (2, 'Tazz', '12/02/2016', 2016, 3);
insert into TIMELINE (IdTimeline, NamaEvent, Tanggal, Tahun, Semester) values (3, 'Skippad', '02/03/2016', 2016, 3);
insert into TIMELINE (IdTimeline, NamaEvent, Tanggal, Tahun, Semester) values (4, 'Buzzster', '02/08/2016', 2016, 1);
insert into TIMELINE (IdTimeline, NamaEvent, Tanggal, Tahun, Semester) values (5, 'Latz', '11/02/2016', 2016, 1);
insert into TIMELINE (IdTimeline, NamaEvent, Tanggal, Tahun, Semester) values (6, 'Gabvine', '10/12/2016', 2016, 2);
insert into TIMELINE (IdTimeline, NamaEvent, Tanggal, Tahun, Semester) values (7, 'Camimbo', '12/12/2016', 2016, 1);
insert into TIMELINE (IdTimeline, NamaEvent, Tanggal, Tahun, Semester) values (8, 'Fliptune', '12/01/2016', 2016, 1);
insert into TIMELINE (IdTimeline, NamaEvent, Tanggal, Tahun, Semester) values (9, 'Roombo', '01/01/2016', 2016, 1);
insert into TIMELINE (IdTimeline, NamaEvent, Tanggal, Tahun, Semester) values (10, 'Roodel', '09/09/2016', 2016, 3);
insert into TIMELINE (IdTimeline, NamaEvent, Tanggal, Tahun, Semester) values (11, 'Mynte', '09/02/2016', 2016, 3);
insert into TIMELINE (IdTimeline, NamaEvent, Tanggal, Tahun, Semester) values (12, 'Twitterbeat', '07/02/2016', 2016, 1);
insert into TIMELINE (IdTimeline, NamaEvent, Tanggal, Tahun, Semester) values (13, 'Kwideo', '02/08/2016', 2016, 2);
insert into TIMELINE (IdTimeline, NamaEvent, Tanggal, Tahun, Semester) values (14, 'Gigazoom', '06/02/2016', 2016, 3);
insert into TIMELINE (IdTimeline, NamaEvent, Tanggal, Tahun, Semester) values (15, 'Yambee', '11/11/2016', 2016, 3);
insert into TIMELINE (IdTimeline, NamaEvent, Tanggal, Tahun, Semester) values (16, 'JumpXS', '10/10/2016', 2016, 3);
insert into TIMELINE (IdTimeline, NamaEvent, Tanggal, Tahun, Semester) values (17, 'Zoomzone', '03/04/2016', 2016, 3);
insert into TIMELINE (IdTimeline, NamaEvent, Tanggal, Tahun, Semester) values (18, 'Yata', '05/06/2016', 2016, 3);
insert into TIMELINE (IdTimeline, NamaEvent, Tanggal, Tahun, Semester) values (19, 'Mymm', '07/07/2016', 2016, 1);
insert into TIMELINE (IdTimeline, NamaEvent, Tanggal, Tahun, Semester) values (20, 'Babbleset', '08/08/2016', 2016, 2);


