

INSERT INTO Term (tahun,semester) VALUES ('2016','1');
INSERT INTO Term (tahun,semester) VALUES ('2017','2');
INSERT INTO Term (tahun,semester) VALUES ('2018','3');




INSERT INTO MAHASISWA (NPM,nama,username,password,email,email_alternatif,telepon,notelp) VALUES ('1006348908','Aan Kurniawan','Aan.Kurniawan','student_1001','Aan.Kurniawan@mahasiswa.sisidang','Aan.Kurniawan@mahasiswa.ui','081264499015','null');
INSERT INTO MAHASISWA (NPM,nama,username,password,email,email_alternatif,telepon,notelp) VALUES ('1006493867','Andi Priyo J','Andi.PriyoJ','student_1002','Andi.PriyoJ@mahasiswa.sisidang','Andi.PriyoJ@mahasiswa.ui','081374439936','null');
INSERT INTO MAHASISWA (NPM,nama,username,password,email,email_alternatif,telepon,notelp) VALUES ('1006900890','Ani Jelita','Ani.Jelita','student_1003','Ani.Jelita@mahasiswa.sisidang','Ani.Jelita@mahasiswa.ui','081586182882','null');
INSERT INTO MAHASISWA (NPM,nama,username,password,email,email_alternatif,telepon,notelp) VALUES ('1106384953','Bambang Widodo','Bambang.Widodo','student_1101','Bambang.Widodo@mahasiswa.sisidang','Bambang.Widodo@mahasiswa.ui','085761368966','null');
INSERT INTO MAHASISWA (NPM,nama,username,password,email,email_alternatif,telepon,notelp) VALUES ('1106389934','Brian Pradana','Brian.Pradana','student_1102','Brian.Pradana@mahasiswa.sisidang','Brian.Pradana@mahasiswa.ui','089721900010','null');
INSERT INTO MAHASISWA (NPM,nama,username,password,email,email_alternatif,telepon,notelp) VALUES ('1106482954','Budi Susilo','Budi.Susilo','student_1103','Budi.Susilo@mahasiswa.sisidang','Budi.Susilo@mahasiswa.ui','089677057691','null');
INSERT INTO MAHASISWA (NPM,nama,username,password,email,email_alternatif,telepon,notelp) VALUES ('1106586720','Cantika Jelita P','Cantika.JelitaP','student_1104','Cantika.JelitaP@mahasiswa.sisidang','Cantika.JelitaP@mahasiswa.ui','081362819013','null');
INSERT INTO MAHASISWA (NPM,nama,username,password,email,email_alternatif,telepon,notelp) VALUES ('1206292534','Ayu Khalifah','Ayu.Khalifah','student_1201','Ayu.Khalifah@mahasiswa.sisidang','Ayu.Khalifah@mahasiswa.ui','081537849960','null');
INSERT INTO MAHASISWA (NPM,nama,username,password,email,email_alternatif,telepon,notelp) VALUES ('1206382759','Badu Sulaiman','Badu.Sulaiman','student_1202','Badu.Sulaiman@mahasiswa.sisidang','Badu.Sulaiman@mahasiswa.ui','081774191226','null');
INSERT INTO MAHASISWA (NPM,nama,username,password,email,email_alternatif,telepon,notelp) VALUES ('1206384498','Farhan Ahsan','Farhan.Ahsan','student_1203','Farhan.Ahsan@mahasiswa.sisidang','Farhan.Ahsan@mahasiswa.ui','089846411467','null');
INSERT INTO MAHASISWA (NPM,nama,username,password,email,email_alternatif,telepon,notelp) VALUES ('1206473097','Damar Tanjung','Damar.Tanjung','student_1204','Damar.Tanjung@mahasiswa.sisidang','Damar.Tanjung@mahasiswa.ui','085748390350','null');
INSERT INTO MAHASISWA (NPM,nama,username,password,email,email_alternatif,telepon,notelp) VALUES ('1206488890','Glen Fleds','Glen.Fleds','student_1205','Glen.Fleds@mahasiswa.sisidang','Glen.Fleds@mahasiswa.ui','085371172225','null');
INSERT INTO MAHASISWA (NPM,nama,username,password,email,email_alternatif,telepon,notelp) VALUES ('1306183746','Siska Yolanda','Siska.Yolanda','student_1301','Siska.Yolanda@mahasiswa.sisidang','Siska.Yolanda@mahasiswa.ui','081243229090','null');
INSERT INTO MAHASISWA (NPM,nama,username,password,email,email_alternatif,telepon,notelp) VALUES ('1306234333','Vincent ','Vincent ','student_1302','Vincent@mahasiswa.sisidang','Vincent@mahasiswa.ui','081575310988','null');
INSERT INTO MAHASISWA (NPM,nama,username,password,email,email_alternatif,telepon,notelp) VALUES ('1306244445','Gugun Santoso','Gugun.Santoso','student_1303','Gugun.Santoso@mahasiswa.sisidang','Gugun.Santoso@mahasiswa.ui','089681741771','null');
INSERT INTO MAHASISWA (NPM,nama,username,password,email,email_alternatif,telepon,notelp) VALUES ('1306382950','Budi Kuncoro','Budi.Kuncoro','student_1304','Budi.Kuncoro@mahasiswa.sisidang','Budi.Kuncoro@mahasiswa.ui','081246939521','null');
INSERT INTO MAHASISWA (NPM,nama,username,password,email,email_alternatif,telepon,notelp) VALUES ('1306395827','Harun Hakim','Harun.Hakim','student_1305','Harun.Hakim@mahasiswa.sisidang','Harun.Hakim@mahasiswa.ui','083865338277','null');
INSERT INTO MAHASISWA (NPM,nama,username,password,email,email_alternatif,telepon,notelp) VALUES ('1306482390','Prasetyo','Prasetyo','student_1306','Prasetyo@mahasiswa.sisidang','Prasetyo@mahasiswa.ui','083890736785','null');
INSERT INTO MAHASISWA (NPM,nama,username,password,email,email_alternatif,telepon,notelp) VALUES ('1306482940','Patani Samsul','Patani.Samsul','student_1307','Patani.Samsul@mahasiswa.sisidang','Patani.Samsul@mahasiswa.ui','082210395487','null');
INSERT INTO MAHASISWA (NPM,nama,username,password,email,email_alternatif,telepon,notelp) VALUES ('1306492043','Khaila Laila','Khaila.Laila','student_1308','Khaila.Laila@mahasiswa.sisidang','Khaila.Laila@mahasiswa.ui','089783648136','null');
INSERT INTO MAHASISWA (NPM,nama,username,password,email,email_alternatif,telepon,notelp) VALUES ('1306573819','Restu Ibu','Restu.Ibu','student_1309','Restu.Ibu@mahasiswa.sisidang','Restu.Ibu@mahasiswa.ui','081244161896','null');
INSERT INTO MAHASISWA (NPM,nama,username,password,email,email_alternatif,telepon,notelp) VALUES ('1406123128','Sheila Cantika','Sheila.Cantika','student_1401','Sheila.Cantika@mahasiswa.sisidang','Sheila.Cantika@mahasiswa.ui','082266681250','null');
INSERT INTO MAHASISWA (NPM,nama,username,password,email,email_alternatif,telepon,notelp) VALUES ('1406245123','Gilang Gunawan','Gilang.Gunawan','student_1402','Gilang.Gunawan@mahasiswa.sisidang','Gilang.Gunawan@mahasiswa.ui','081589072944','null');
INSERT INTO MAHASISWA (NPM,nama,username,password,email,email_alternatif,telepon,notelp) VALUES ('1406344452','Rofiq Zulkarnain','Rofiq.Zulkarnain','student_1403','Rofiq.Zulkarnain@mahasiswa.sisidang','Rofiq.Zulkarnain@mahasiswa.ui','081546256647','null');
INSERT INTO MAHASISWA (NPM,nama,username,password,email,email_alternatif,telepon,notelp) VALUES ('1406354336','Clarita Cantika','Clarita.Cantika','student_1404','Clarita.Cantika@mahasiswa.sisidang','Clarita.Cantika@mahasiswa.ui','089711453577','null');
INSERT INTO MAHASISWA (NPM,nama,username,password,email,email_alternatif,telepon,notelp) VALUES ('1406454433','Suminep','Suminep','student_1405','Suminep@mahasiswa.sisidang','Suminep@mahasiswa.ui','083856784164','null');
INSERT INTO MAHASISWA (NPM,nama,username,password,email,email_alternatif,telepon,notelp) VALUES ('1406472842','Annisa Chairani','Annisa.Chairani','student_1406','Annisa.Chairani@mahasiswa.sisidang','Annisa.Chairani@mahasiswa.ui','081398881679','null');
INSERT INTO MAHASISWA (NPM,nama,username,password,email,email_alternatif,telepon,notelp) VALUES ('1406482910','Febyan Aditya','Febyan.Aditya','student_1407','Febyan.Aditya@mahasiswa.sisidang','Febyan.Aditya@mahasiswa.ui','082396430979','null');
INSERT INTO MAHASISWA (NPM,nama,username,password,email,email_alternatif,telepon,notelp) VALUES ('1406571844','Faris Umar','Faris.Umar','student_1408','Faris.Umar@mahasiswa.sisidang','Faris.Umar@mahasiswa.ui','081271719790','null');
INSERT INTO MAHASISWA (NPM,nama,username,password,email,email_alternatif,telepon,notelp) VALUES ('1406572843','Anggraini Permata','Anggraini.Permata','student_1409','Anggraini.Permata@mahasiswa.sisidang','Anggraini.Permata@mahasiswa.ui','089645942919','null');
INSERT INTO MAHASISWA (NPM,nama,username,password,email,email_alternatif,telepon,notelp) VALUES ('1406583212','Reza Ahmad','Reza.Ahmad','student_1410','Reza.Ahmad@mahasiswa.sisidang','Reza.Ahmad@mahasiswa.ui','081544396290','null');
INSERT INTO MAHASISWA (NPM,nama,username,password,email,email_alternatif,telepon,notelp) VALUES ('1406583920','Fransisca Margareth','Fransisca.Margareth','student_1411','Fransisca.Margareth@mahasiswa.sisidang','Fransisca.Margareth@mahasiswa.ui','081391547885','null');
INSERT INTO MAHASISWA (NPM,nama,username,password,email,email_alternatif,telepon,notelp) VALUES ('1406583922','Mutiara Ayu Dewi','Mutiara.AyuDewi','student_1412','Mutiara.AyuDewi@mahasiswa.sisidang','Mutiara.AyuDewi@mahasiswa.ui','081265301920','null');
INSERT INTO MAHASISWA (NPM,nama,username,password,email,email_alternatif,telepon,notelp) VALUES ('1406588900','Ninda Kamila','Ninda.Kamila','student_1413','Ninda.Kamila@mahasiswa.sisidang','Ninda.Kamila@mahasiswa.ui','083849264057','null');
INSERT INTO MAHASISWA (NPM,nama,username,password,email,email_alternatif,telepon,notelp) VALUES ('1406899087','Rahmat Fajri','Rahmat.Fajri','student_1414','Rahmat.Fajri@mahasiswa.sisidang','Rahmat.Fajri@mahasiswa.ui','089719810399','null');
INSERT INTO MAHASISWA (NPM,nama,username,password,email,email_alternatif,telepon,notelp) VALUES ('1506342433','Adi Nugraha','Adi.Nugraha','student_1501','Adi.Nugraha@mahasiswa.sisidang','Adi.Nugraha@mahasiswa.ui','089682311359','null');
INSERT INTO MAHASISWA (NPM,nama,username,password,email,email_alternatif,telepon,notelp) VALUES ('1506382753','Amir Faris','Amir.Faris','student_1502','Amir.Faris@mahasiswa.sisidang','Amir.Faris@mahasiswa.ui','083823232940','null');
INSERT INTO MAHASISWA (NPM,nama,username,password,email,email_alternatif,telepon,notelp) VALUES ('1506392243','Udin Sumenep','Udin.Sumenep','student_1503','Udin.Sumenep@mahasiswa.sisidang','Udin.Sumenep@mahasiswa.ui','081235376203','null');
INSERT INTO MAHASISWA (NPM,nama,username,password,email,email_alternatif,telepon,notelp) VALUES ('1506392855','Bambang Yudhoyono','Bambang.Yudhoyono','student_1504','Bambang.Yudhoyono@mahasiswa.sisidang','Bambang.Yudhoyono@mahasiswa.ui','081398716734','null');
INSERT INTO MAHASISWA (NPM,nama,username,password,email,email_alternatif,telepon,notelp) VALUES ('1506495372','Raisa Ardilla','Raisa.Ardilla','student_1505','Raisa.Ardilla@mahasiswa.sisidang','Raisa.Ardilla@mahasiswa.ui','081295211996','null');




INSERT INTO JENISMKS (ID,NamaMKS) VALUES ('12016','Skripsi');
INSERT INTO JENISMKS (ID,NamaMKS) VALUES ('22016','Karya Akhir');
INSERT INTO JENISMKS (ID,NamaMKS) VALUES ('32016','Proposal Tesis');
INSERT INTO JENISMKS (ID,NamaMKS) VALUES ('42016','Usulan Penelitian');
INSERT INTO JENISMKS (ID,NamaMKS) VALUES ('52016','Seminar Hasil Penelitian S3');
INSERT INTO JENISMKS (ID,NamaMKS) VALUES ('62016','Pra Promosi');
INSERT INTO JENISMKS (ID,NamaMKS) VALUES ('72016','Promosi');
INSERT INTO JENISMKS (ID,NamaMKS) VALUES ('82016','Tesis');
INSERT INTO JENISMKS (ID,NamaMKS) VALUES ('92016','Lain-Lain');




INSERT INTO PRODI (ID,NamaProdi) VALUES ('14012016','S1 Ilmu Komputer');
INSERT INTO PRODI (ID,NamaProdi) VALUES ('14022016','S1 Sistem Informasi');
INSERT INTO PRODI (ID,NamaProdi) VALUES ('14032016','S1 Ilkom Kelas International');
INSERT INTO PRODI (ID,NamaProdi) VALUES ('15012016','S2 MIK');
INSERT INTO PRODI (ID,NamaProdi) VALUES ('15022016','S2 MTI');
INSERT INTO PRODI (ID,NamaProdi) VALUES ('16012016','S3 DIK');




INSERT INTO DOSEN (NIP,nama,username,password,email,institusi) VALUES ('2014011201021940','Ani Sulistyowati','Ani.Sulistyowati','dosen_01','Ani.Sulistyowati@dosen.sisidang','FK');
INSERT INTO DOSEN (NIP,nama,username,password,email,institusi) VALUES ('2013031125041950','Budi Gunawan','Budi.Gunawan','dosen_02','Budi.Gunawan@dosen.sisidang','FIB');
INSERT INTO DOSEN (NIP,nama,username,password,email,institusi) VALUES ('2014020526061930','Caca Citata','Caca.Citata','dosen_03','Caca.Citata@dosen.sisidang','FEB');
INSERT INTO DOSEN (NIP,nama,username,password,email,institusi) VALUES ('2014010622121970','Desi Indah P','Desi.IndahP','dosen_04','Desi.IndahP@dosen.sisidang','Fasilkom');
INSERT INTO DOSEN (NIP,nama,username,password,email,institusi) VALUES ('2014020823111960','Elang Francis','Elang.Francis','dosen_05','Elang.Francis@dosen.sisidang','FIK');
INSERT INTO DOSEN (NIP,nama,username,password,email,institusi) VALUES ('2015030111051980','Frank Lambo','Frank.Lambo','dosen_06','Frank.Lambo@dosen.sisidang','FIK');
INSERT INTO DOSEN (NIP,nama,username,password,email,institusi) VALUES ('2016030412121970','Gita Purnamasari','Gita.Purnamasari','dosen_07','Gita.Purnamasari@dosen.sisidang','FKG');
INSERT INTO DOSEN (NIP,nama,username,password,email,institusi) VALUES ('2011021303051960','Harvin David','Harvin.David','dosen_08','Harvin.David@dosen.sisidang','Farmasi');
INSERT INTO DOSEN (NIP,nama,username,password,email,institusi) VALUES ('2012010530051950','Ika Ayunda','Ika.Ayunda','dosen_09','Ika.Ayunda@dosen.sisidang','Vokasi');
INSERT INTO DOSEN (NIP,nama,username,password,email,institusi) VALUES ('2011030509091980','Jevin Julian','Jevin.Julian','dosen_10','Jevin.Julian@dosen.sisidang','FT');
INSERT INTO DOSEN (NIP,nama,username,password,email,institusi) VALUES ('2010020521111960','Koko Ahmad','Koko.Ahmad','dosen_11','Koko.Ahmad@dosen.sisidang','FMIPA');
INSERT INTO DOSEN (NIP,nama,username,password,email,institusi) VALUES ('2009010526061930','Linda Ayu P','Linda.AyuP','dosen_12','Linda.AyuP@dosen.sisidang','FISIP');
INSERT INTO DOSEN (NIP,nama,username,password,email,institusi) VALUES ('2008020531081940','Mischelle Johanson','Mischelle.Johanson','dosen_13','Mischelle.Johanson@dosen.sisidang','FIA');
INSERT INTO DOSEN (NIP,nama,username,password,email,institusi) VALUES ('2005030502021930','Nina Permata','Nina.Permata','dosen_14','Nina.Permata@dosen.sisidang','Fasilkom');
INSERT INTO DOSEN (NIP,nama,username,password,email,institusi) VALUES ('2014030513041960','Oman Abdul','Oman.Abdul','dosen_15','Oman.Abdul@dosen.sisidang','FIB');
INSERT INTO DOSEN (NIP,nama,username,password,email,institusi) VALUES ('2015010517041950','Paras Larasati','Paras.Larasati','dosen_16','Paras.Larasati@dosen.sisidang','FH');
INSERT INTO DOSEN (NIP,nama,username,password,email,institusi) VALUES ('2007010524071980','Rina Karimah','Rina.Karimah','dosen_17','Rina.Karimah@dosen.sisidang','Fasilkom');
INSERT INTO DOSEN (NIP,nama,username,password,email,institusi) VALUES ('2016030525091980','Shinta Rahayu','Shinta.Rahayu','dosen_18','Shinta.Rahayu@dosen.sisidang','FIK');
INSERT INTO DOSEN (NIP,nama,username,password,email,institusi) VALUES ('2015020529101970','Tomi Faqih','Tomi.Faqih','dosen_19','Tomi.Faqih@dosen.sisidang','FK');
INSERT INTO DOSEN (NIP,nama,username,password,email,institusi) VALUES ('2011010501111950','Umar Al Fahmy','Umar.AlFahmy','dosen_20','Umar.AlFahmy@dosen.sisidang','FT');





INSERT INTO DOSEN_PENGUJI (IDMKS,NIPdosenpenguji) VALUES ('201612001','2014011201021940');
INSERT INTO DOSEN_PENGUJI (IDMKS,NIPdosenpenguji) VALUES ('201612002','2013031125041950');
INSERT INTO DOSEN_PENGUJI (IDMKS,NIPdosenpenguji) VALUES ('201612003','2014020526061930');
INSERT INTO DOSEN_PENGUJI (IDMKS,NIPdosenpenguji) VALUES ('201612003','2010020521111960');
INSERT INTO DOSEN_PENGUJI (IDMKS,NIPdosenpenguji) VALUES ('201612004','2014010622121970');
INSERT INTO DOSEN_PENGUJI (IDMKS,NIPdosenpenguji) VALUES ('201612004','2009010526061930');
INSERT INTO DOSEN_PENGUJI (IDMKS,NIPdosenpenguji) VALUES ('201612005','2014020823111960');
INSERT INTO DOSEN_PENGUJI (IDMKS,NIPdosenpenguji) VALUES ('201612005','2015010517041950');
INSERT INTO DOSEN_PENGUJI (IDMKS,NIPdosenpenguji) VALUES ('201612006','2015030111051980');
INSERT INTO DOSEN_PENGUJI (IDMKS,NIPdosenpenguji) VALUES ('201612006','2007010524071980');
INSERT INTO DOSEN_PENGUJI (IDMKS,NIPdosenpenguji) VALUES ('201612007','2016030412121970');
INSERT INTO DOSEN_PENGUJI (IDMKS,NIPdosenpenguji) VALUES ('201612007','2016030525091980');
INSERT INTO DOSEN_PENGUJI (IDMKS,NIPdosenpenguji) VALUES ('201612008','2014011201021940');
INSERT INTO DOSEN_PENGUJI (IDMKS,NIPdosenpenguji) VALUES ('201612009','2013031125041950');
INSERT INTO DOSEN_PENGUJI (IDMKS,NIPdosenpenguji) VALUES ('201612010','2014020526061930');
INSERT INTO DOSEN_PENGUJI (IDMKS,NIPdosenpenguji) VALUES ('201612011','2014010622121970');
INSERT INTO DOSEN_PENGUJI (IDMKS,NIPdosenpenguji) VALUES ('201612012','2014020823111960');
INSERT INTO DOSEN_PENGUJI (IDMKS,NIPdosenpenguji) VALUES ('201612013','2015030111051980');
INSERT INTO DOSEN_PENGUJI (IDMKS,NIPdosenpenguji) VALUES ('201612013','2010020521111960');
INSERT INTO DOSEN_PENGUJI (IDMKS,NIPdosenpenguji) VALUES ('201612014','2009010526061930');
INSERT INTO DOSEN_PENGUJI (IDMKS,NIPdosenpenguji) VALUES ('201612014','2016030412121970');
INSERT INTO DOSEN_PENGUJI (IDMKS,NIPdosenpenguji) VALUES ('201612015','2011021303051960');
INSERT INTO DOSEN_PENGUJI (IDMKS,NIPdosenpenguji) VALUES ('201612015','2014020526061930');
INSERT INTO DOSEN_PENGUJI (IDMKS,NIPdosenpenguji) VALUES ('201612016','2014010622121970');
INSERT INTO DOSEN_PENGUJI (IDMKS,NIPdosenpenguji) VALUES ('201612016','2012010530051950');
INSERT INTO DOSEN_PENGUJI (IDMKS,NIPdosenpenguji) VALUES ('201612017','2011030509091980');
INSERT INTO DOSEN_PENGUJI (IDMKS,NIPdosenpenguji) VALUES ('201612017','2010020521111960');
INSERT INTO DOSEN_PENGUJI (IDMKS,NIPdosenpenguji) VALUES ('201612018','2010020521111960');
INSERT INTO DOSEN_PENGUJI (IDMKS,NIPdosenpenguji) VALUES ('201612019','2009010526061930');
INSERT INTO DOSEN_PENGUJI (IDMKS,NIPdosenpenguji) VALUES ('201612020','2008020531081940');
INSERT INTO DOSEN_PENGUJI (IDMKS,NIPdosenpenguji) VALUES ('201612021','2005030502021930');
INSERT INTO DOSEN_PENGUJI (IDMKS,NIPdosenpenguji) VALUES ('201612022','2014030513041960');
INSERT INTO DOSEN_PENGUJI (IDMKS,NIPdosenpenguji) VALUES ('201612023','2015010517041950');
INSERT INTO DOSEN_PENGUJI (IDMKS,NIPdosenpenguji) VALUES ('201612024','2007010524071980');
INSERT INTO DOSEN_PENGUJI (IDMKS,NIPdosenpenguji) VALUES ('201612025','2016030525091980');
INSERT INTO DOSEN_PENGUJI (IDMKS,NIPdosenpenguji) VALUES ('201612026','2015020529101970');
INSERT INTO DOSEN_PENGUJI (IDMKS,NIPdosenpenguji) VALUES ('201612027','2011010501111950');
INSERT INTO DOSEN_PENGUJI (IDMKS,NIPdosenpenguji) VALUES ('201612028','2014020526061930');
INSERT INTO DOSEN_PENGUJI (IDMKS,NIPdosenpenguji) VALUES ('201612029','2014010622121970');
INSERT INTO DOSEN_PENGUJI (IDMKS,NIPdosenpenguji) VALUES ('201612030','2014020823111960');





INSERT INTO MATA_KULIAH_SPESIAL (IdMKS,NPM,Tahun,Semester,Judul,IsSiapSidang,PengumpulanHardCopy,IjinMajuSidang,IdJenisMKS) VALUES ('201612001','1006348908','2016','1','Sistem Operasi Masa Depan','TRUE','FALSE','TRUE','42016');
INSERT INTO MATA_KULIAH_SPESIAL (IdMKS,NPM,Tahun,Semester,Judul,IsSiapSidang,PengumpulanHardCopy,IjinMajuSidang,IdJenisMKS) VALUES ('201612002','1006493867','2017','2','Android vs Apple','FALSE','FALSE','FALSE','12016');
INSERT INTO MATA_KULIAH_SPESIAL (IdMKS,NPM,Tahun,Semester,Judul,IsSiapSidang,PengumpulanHardCopy,IjinMajuSidang,IdJenisMKS) VALUES ('201612003','1006900890','2017','2','Kelemahan Dynamic Programming','FALSE','TRUE','FALSE','32016');
INSERT INTO MATA_KULIAH_SPESIAL (IdMKS,NPM,Tahun,Semester,Judul,IsSiapSidang,PengumpulanHardCopy,IjinMajuSidang,IdJenisMKS) VALUES ('201612004','1106384953','2018','3','Terminator ','TRUE','FALSE','FALSE','42016');
INSERT INTO MATA_KULIAH_SPESIAL (IdMKS,NPM,Tahun,Semester,Judul,IsSiapSidang,PengumpulanHardCopy,IjinMajuSidang,IdJenisMKS) VALUES ('201612005','1106389934','2016','1','Himpunan kosong','FALSE','TRUE','FALSE','52016');
INSERT INTO MATA_KULIAH_SPESIAL (IdMKS,NPM,Tahun,Semester,Judul,IsSiapSidang,PengumpulanHardCopy,IjinMajuSidang,IdJenisMKS) VALUES ('201612006','1106482954','2017','2','Modulo -e','TRUE','FALSE','TRUE','22016');
INSERT INTO MATA_KULIAH_SPESIAL (IdMKS,NPM,Tahun,Semester,Judul,IsSiapSidang,PengumpulanHardCopy,IjinMajuSidang,IdJenisMKS) VALUES ('201612007','1106586720','2018','3','Tingkat tidur mahasiswa','TRUE','TRUE','FALSE','82016');
INSERT INTO MATA_KULIAH_SPESIAL (IdMKS,NPM,Tahun,Semester,Judul,IsSiapSidang,PengumpulanHardCopy,IjinMajuSidang,IdJenisMKS) VALUES ('201612008','1206292534','2017','2','Penjagalan sapi di madiun','TRUE','TRUE','TRUE','92016');
INSERT INTO MATA_KULIAH_SPESIAL (IdMKS,NPM,Tahun,Semester,Judul,IsSiapSidang,PengumpulanHardCopy,IjinMajuSidang,IdJenisMKS) VALUES ('201612009','1206382759','2016','1','Pembunuhan Jessica','FALSE','TRUE','FALSE','12016');
INSERT INTO MATA_KULIAH_SPESIAL (IdMKS,NPM,Tahun,Semester,Judul,IsSiapSidang,PengumpulanHardCopy,IjinMajuSidang,IdJenisMKS) VALUES ('201612010','1206384498','2016','1','Kejanggalan Mirna','TRUE','FALSE','FALSE','82016');
INSERT INTO MATA_KULIAH_SPESIAL (IdMKS,NPM,Tahun,Semester,Judul,IsSiapSidang,PengumpulanHardCopy,IjinMajuSidang,IdJenisMKS) VALUES ('201612011','1206473097','2018','3','Rasa kopi vietnam','FALSE','TRUE','FALSE','52016');
INSERT INTO MATA_KULIAH_SPESIAL (IdMKS,NPM,Tahun,Semester,Judul,IsSiapSidang,PengumpulanHardCopy,IjinMajuSidang,IdJenisMKS) VALUES ('201612012','1206488890','2017','2','Sianida tidak bisa melelehkan lambung','TRUE','FALSE','TRUE','72016');
INSERT INTO MATA_KULIAH_SPESIAL (IdMKS,NPM,Tahun,Semester,Judul,IsSiapSidang,PengumpulanHardCopy,IjinMajuSidang,IdJenisMKS) VALUES ('201612013','1306183746','2016','1','Makanan terenak didunia','FALSE','FALSE','FALSE','42016');
INSERT INTO MATA_KULIAH_SPESIAL (IdMKS,NPM,Tahun,Semester,Judul,IsSiapSidang,PengumpulanHardCopy,IjinMajuSidang,IdJenisMKS) VALUES ('201612014','1306234333','2016','1','Rendang vs Sate','FALSE','FALSE','FALSE','12016');
INSERT INTO MATA_KULIAH_SPESIAL (IdMKS,NPM,Tahun,Semester,Judul,IsSiapSidang,PengumpulanHardCopy,IjinMajuSidang,IdJenisMKS) VALUES ('201612015','1306244445','2017','2','Sharknado itu benar?','TRUE','TRUE','TRUE','12016');
INSERT INTO MATA_KULIAH_SPESIAL (IdMKS,NPM,Tahun,Semester,Judul,IsSiapSidang,PengumpulanHardCopy,IjinMajuSidang,IdJenisMKS) VALUES ('201612016','1306382950','2017','2','Mama minta pulsa','FALSE','FALSE','FALSE','22016');
INSERT INTO MATA_KULIAH_SPESIAL (IdMKS,NPM,Tahun,Semester,Judul,IsSiapSidang,PengumpulanHardCopy,IjinMajuSidang,IdJenisMKS) VALUES ('201612017','1306395827','2016','1','Papa minta saham','FALSE','FALSE','FALSE','72016');
INSERT INTO MATA_KULIAH_SPESIAL (IdMKS,NPM,Tahun,Semester,Judul,IsSiapSidang,PengumpulanHardCopy,IjinMajuSidang,IdJenisMKS) VALUES ('201612018','1306482390','2018','3','Anak minta jabatan gubernur','TRUE','TRUE','FALSE','42016');
INSERT INTO MATA_KULIAH_SPESIAL (IdMKS,NPM,Tahun,Semester,Judul,IsSiapSidang,PengumpulanHardCopy,IjinMajuSidang,IdJenisMKS) VALUES ('201612019','1306482940','2018','3','Yahudi dibalik perang dunia 3','FALSE','FALSE','FALSE','52016');
INSERT INTO MATA_KULIAH_SPESIAL (IdMKS,NPM,Tahun,Semester,Judul,IsSiapSidang,PengumpulanHardCopy,IjinMajuSidang,IdJenisMKS) VALUES ('201612020','1306492043','2018','3','Semua salah Amerika','TRUE','FALSE','TRUE','82016');
INSERT INTO MATA_KULIAH_SPESIAL (IdMKS,NPM,Tahun,Semester,Judul,IsSiapSidang,PengumpulanHardCopy,IjinMajuSidang,IdJenisMKS) VALUES ('201612021','1306573819','2017','2','Freemason menguasai dunia','FALSE','FALSE','FALSE','22016');
INSERT INTO MATA_KULIAH_SPESIAL (IdMKS,NPM,Tahun,Semester,Judul,IsSiapSidang,PengumpulanHardCopy,IjinMajuSidang,IdJenisMKS) VALUES ('201612022','1206292534','2016','1','Konspirasi liberal','TRUE','FALSE','FALSE','12016');
INSERT INTO MATA_KULIAH_SPESIAL (IdMKS,NPM,Tahun,Semester,Judul,IsSiapSidang,PengumpulanHardCopy,IjinMajuSidang,IdJenisMKS) VALUES ('201612023','1206382759','2018','3','Legalitas FEB di UIAW','FALSE','TRUE','FALSE','72016');
INSERT INTO MATA_KULIAH_SPESIAL (IdMKS,NPM,Tahun,Semester,Judul,IsSiapSidang,PengumpulanHardCopy,IjinMajuSidang,IdJenisMKS) VALUES ('201612024','1206384498','2016','1','Pengaruh kehilangan pulpen dengan kematian','FALSE','TRUE','FALSE','12016');
INSERT INTO MATA_KULIAH_SPESIAL (IdMKS,NPM,Tahun,Semester,Judul,IsSiapSidang,PengumpulanHardCopy,IjinMajuSidang,IdJenisMKS) VALUES ('201612025','1306234333','2017','2','Lycantulul vs werewolf','TRUE','FALSE','TRUE','42016');
INSERT INTO MATA_KULIAH_SPESIAL (IdMKS,NPM,Tahun,Semester,Judul,IsSiapSidang,PengumpulanHardCopy,IjinMajuSidang,IdJenisMKS) VALUES ('201612026','1306244445','2018','3','Europa Universalis lebih bagus dibanding Civilization','FALSE','TRUE','FALSE','72016');
INSERT INTO MATA_KULIAH_SPESIAL (IdMKS,NPM,Tahun,Semester,Judul,IsSiapSidang,PengumpulanHardCopy,IjinMajuSidang,IdJenisMKS) VALUES ('201612027','1306482390','2018','3','Konspirasi Gabe menguasai game','TRUE','FALSE','FALSE','52016');
INSERT INTO MATA_KULIAH_SPESIAL (IdMKS,NPM,Tahun,Semester,Judul,IsSiapSidang,PengumpulanHardCopy,IjinMajuSidang,IdJenisMKS) VALUES ('201612028','1406472842','2016','1','Piratebay pindah ke Indonesia','FALSE','TRUE','FALSE','12016');
INSERT INTO MATA_KULIAH_SPESIAL (IdMKS,NPM,Tahun,Semester,Judul,IsSiapSidang,PengumpulanHardCopy,IjinMajuSidang,IdJenisMKS) VALUES ('201612029','1406482910','2018','3','Pengaruh RPL dengan PPL','TRUE','FALSE','FALSE','82016');
INSERT INTO MATA_KULIAH_SPESIAL (IdMKS,NPM,Tahun,Semester,Judul,IsSiapSidang,PengumpulanHardCopy,IjinMajuSidang,IdJenisMKS) VALUES ('201612030','1406571844','2017','2','Kebergunaan Mata Kuliah di Fasilkom','TRUE','FALSE','TRUE','72016');





INSERT INTO SARAN_DOSEN_PENGUJI (IDMKS,NIPsaranpenguji) VALUES ('201612001','2014020526061930');
INSERT INTO SARAN_DOSEN_PENGUJI (IDMKS,NIPsaranpenguji) VALUES ('201612001','2014030513041960');
INSERT INTO SARAN_DOSEN_PENGUJI (IDMKS,NIPsaranpenguji) VALUES ('201612002','2014010622121970');
INSERT INTO SARAN_DOSEN_PENGUJI (IDMKS,NIPsaranpenguji) VALUES ('201612002','2015010517041950');
INSERT INTO SARAN_DOSEN_PENGUJI (IDMKS,NIPsaranpenguji) VALUES ('201612003','2014020823111960');
INSERT INTO SARAN_DOSEN_PENGUJI (IDMKS,NIPsaranpenguji) VALUES ('201612003','2007010524071980');
INSERT INTO SARAN_DOSEN_PENGUJI (IDMKS,NIPsaranpenguji) VALUES ('201612004','2015030111051980');
INSERT INTO SARAN_DOSEN_PENGUJI (IDMKS,NIPsaranpenguji) VALUES ('201612005','2016030412121970');
INSERT INTO SARAN_DOSEN_PENGUJI (IDMKS,NIPsaranpenguji) VALUES ('201612005','2014011201021940');
INSERT INTO SARAN_DOSEN_PENGUJI (IDMKS,NIPsaranpenguji) VALUES ('201612006','2011021303051960');
INSERT INTO SARAN_DOSEN_PENGUJI (IDMKS,NIPsaranpenguji) VALUES ('201612006','2013031125041950');
INSERT INTO SARAN_DOSEN_PENGUJI (IDMKS,NIPsaranpenguji) VALUES ('201612007','2012010530051950');
INSERT INTO SARAN_DOSEN_PENGUJI (IDMKS,NIPsaranpenguji) VALUES ('201612007','2014020526061930');
INSERT INTO SARAN_DOSEN_PENGUJI (IDMKS,NIPsaranpenguji) VALUES ('201612007','2016030525091980');
INSERT INTO SARAN_DOSEN_PENGUJI (IDMKS,NIPsaranpenguji) VALUES ('201612008','2011030509091980');
INSERT INTO SARAN_DOSEN_PENGUJI (IDMKS,NIPsaranpenguji) VALUES ('201612008','2014010622121970');
INSERT INTO SARAN_DOSEN_PENGUJI (IDMKS,NIPsaranpenguji) VALUES ('201612008','2015020529101970');
INSERT INTO SARAN_DOSEN_PENGUJI (IDMKS,NIPsaranpenguji) VALUES ('201612009','2005030502021930');
INSERT INTO SARAN_DOSEN_PENGUJI (IDMKS,NIPsaranpenguji) VALUES ('201612009','2014020823111960');
INSERT INTO SARAN_DOSEN_PENGUJI (IDMKS,NIPsaranpenguji) VALUES ('201612009','2011010501111950');
INSERT INTO SARAN_DOSEN_PENGUJI (IDMKS,NIPsaranpenguji) VALUES ('201612010','2014030513041960');
INSERT INTO SARAN_DOSEN_PENGUJI (IDMKS,NIPsaranpenguji) VALUES ('201612010','2015030111051980');
INSERT INTO SARAN_DOSEN_PENGUJI (IDMKS,NIPsaranpenguji) VALUES ('201612011','2015030111051980');
INSERT INTO SARAN_DOSEN_PENGUJI (IDMKS,NIPsaranpenguji) VALUES ('201612012','2016030412121970');
INSERT INTO SARAN_DOSEN_PENGUJI (IDMKS,NIPsaranpenguji) VALUES ('201612013','2011021303051960');
INSERT INTO SARAN_DOSEN_PENGUJI (IDMKS,NIPsaranpenguji) VALUES ('201612014','2012010530051950');
INSERT INTO SARAN_DOSEN_PENGUJI (IDMKS,NIPsaranpenguji) VALUES ('201612015','2011030509091980');
INSERT INTO SARAN_DOSEN_PENGUJI (IDMKS,NIPsaranpenguji) VALUES ('201612016','2010020521111960');
INSERT INTO SARAN_DOSEN_PENGUJI (IDMKS,NIPsaranpenguji) VALUES ('201612017','2009010526061930');
INSERT INTO SARAN_DOSEN_PENGUJI (IDMKS,NIPsaranpenguji) VALUES ('201612018','2008020531081940');
INSERT INTO SARAN_DOSEN_PENGUJI (IDMKS,NIPsaranpenguji) VALUES ('201612019','2012010530051950');
INSERT INTO SARAN_DOSEN_PENGUJI (IDMKS,NIPsaranpenguji) VALUES ('201612020','2011030509091980');
INSERT INTO SARAN_DOSEN_PENGUJI (IDMKS,NIPsaranpenguji) VALUES ('201612021','2015010517041950');
INSERT INTO SARAN_DOSEN_PENGUJI (IDMKS,NIPsaranpenguji) VALUES ('201612022','2007010524071980');
INSERT INTO SARAN_DOSEN_PENGUJI (IDMKS,NIPsaranpenguji) VALUES ('201612022','2016030412121970');
INSERT INTO SARAN_DOSEN_PENGUJI (IDMKS,NIPsaranpenguji) VALUES ('201612023','2016030525091980');
INSERT INTO SARAN_DOSEN_PENGUJI (IDMKS,NIPsaranpenguji) VALUES ('201612023','2011021303051960');
INSERT INTO SARAN_DOSEN_PENGUJI (IDMKS,NIPsaranpenguji) VALUES ('201612024','2015020529101970');
INSERT INTO SARAN_DOSEN_PENGUJI (IDMKS,NIPsaranpenguji) VALUES ('201612024','2012010530051950');
INSERT INTO SARAN_DOSEN_PENGUJI (IDMKS,NIPsaranpenguji) VALUES ('201612025','2011010501111950');
INSERT INTO SARAN_DOSEN_PENGUJI (IDMKS,NIPsaranpenguji) VALUES ('201612025','2011030509091980');
INSERT INTO SARAN_DOSEN_PENGUJI (IDMKS,NIPsaranpenguji) VALUES ('201612026','2014011201021940');
INSERT INTO SARAN_DOSEN_PENGUJI (IDMKS,NIPsaranpenguji) VALUES ('201612026','2010020521111960');
INSERT INTO SARAN_DOSEN_PENGUJI (IDMKS,NIPsaranpenguji) VALUES ('201612027','2013031125041950');
INSERT INTO SARAN_DOSEN_PENGUJI (IDMKS,NIPsaranpenguji) VALUES ('201612028','2014020526061930');
INSERT INTO SARAN_DOSEN_PENGUJI (IDMKS,NIPsaranpenguji) VALUES ('201612028','2009010526061930');
INSERT INTO SARAN_DOSEN_PENGUJI (IDMKS,NIPsaranpenguji) VALUES ('201612029','2014010622121970');
INSERT INTO SARAN_DOSEN_PENGUJI (IDMKS,NIPsaranpenguji) VALUES ('201612029','2008020531081940');
INSERT INTO SARAN_DOSEN_PENGUJI (IDMKS,NIPsaranpenguji) VALUES ('201612030','2014020823111960');
INSERT INTO SARAN_DOSEN_PENGUJI (IDMKS,NIPsaranpenguji) VALUES ('201612030','2005030502021930');





INSERT INTO TIMELINE (IdTimeline,NamaEvent,Tanggal,Tahun,Semester) VALUES ('101','Submit Judul','2016-20-3','2016','1');
INSERT INTO TIMELINE (IdTimeline,NamaEvent,Tanggal,Tahun,Semester) VALUES ('102','Submit Proposal','2016-13-4','2016','1');
INSERT INTO TIMELINE (IdTimeline,NamaEvent,Tanggal,Tahun,Semester) VALUES ('103','Pengumpulan Berkas','2016-20-4','2016','1');
INSERT INTO TIMELINE (IdTimeline,NamaEvent,Tanggal,Tahun,Semester) VALUES ('104','Submit Draft Pertama','2016-13-5','2016','1');
INSERT INTO TIMELINE (IdTimeline,NamaEvent,Tanggal,Tahun,Semester) VALUES ('105','Submit Draft Kedua','2016-20-5','2016','1');
INSERT INTO TIMELINE (IdTimeline,NamaEvent,Tanggal,Tahun,Semester) VALUES ('106','Submit Draft Final','2016-13-6','2016','1');
INSERT INTO TIMELINE (IdTimeline,NamaEvent,Tanggal,Tahun,Semester) VALUES ('107','Evaluasi Final','2016-20-6','2016','1');
INSERT INTO TIMELINE (IdTimeline,NamaEvent,Tanggal,Tahun,Semester) VALUES ('108','Sidang MKS','2016-13-7','2016','1');
INSERT INTO TIMELINE (IdTimeline,NamaEvent,Tanggal,Tahun,Semester) VALUES ('109','Batas Pengunggahan Nilai','2016-20-7','2016','1');
INSERT INTO TIMELINE (IdTimeline,NamaEvent,Tanggal,Tahun,Semester) VALUES ('110','Publikasi Nilai','2016-13-8','2016','1');





INSERT INTO DOSEN_PEMBIMBING (IDMKS,NIPdosenpembimbing) VALUES ('201612001','2005030502021930');
INSERT INTO DOSEN_PEMBIMBING (IDMKS,NIPdosenpembimbing) VALUES ('201612001','2012010530051950');
INSERT INTO DOSEN_PEMBIMBING (IDMKS,NIPdosenpembimbing) VALUES ('201612002','2014030513041960');
INSERT INTO DOSEN_PEMBIMBING (IDMKS,NIPdosenpembimbing) VALUES ('201612003','2015010517041950');
INSERT INTO DOSEN_PEMBIMBING (IDMKS,NIPdosenpembimbing) VALUES ('201612003','2016030525091980');
INSERT INTO DOSEN_PEMBIMBING (IDMKS,NIPdosenpembimbing) VALUES ('201612004','2007010524071980');
INSERT INTO DOSEN_PEMBIMBING (IDMKS,NIPdosenpembimbing) VALUES ('201612005','2016030525091980');
INSERT INTO DOSEN_PEMBIMBING (IDMKS,NIPdosenpembimbing) VALUES ('201612006','2015020529101970');
INSERT INTO DOSEN_PEMBIMBING (IDMKS,NIPdosenpembimbing) VALUES ('201612007','2011010501111950');
INSERT INTO DOSEN_PEMBIMBING (IDMKS,NIPdosenpembimbing) VALUES ('201612008','2014010622121970');
INSERT INTO DOSEN_PEMBIMBING (IDMKS,NIPdosenpembimbing) VALUES ('201612009','2014020823111960');
INSERT INTO DOSEN_PEMBIMBING (IDMKS,NIPdosenpembimbing) VALUES ('201612010','2015030111051980');
INSERT INTO DOSEN_PEMBIMBING (IDMKS,NIPdosenpembimbing) VALUES ('201612010','2015010517041950');
INSERT INTO DOSEN_PEMBIMBING (IDMKS,NIPdosenpembimbing) VALUES ('201612011','2014010622121970');
INSERT INTO DOSEN_PEMBIMBING (IDMKS,NIPdosenpembimbing) VALUES ('201612011','2014030513041960');
INSERT INTO DOSEN_PEMBIMBING (IDMKS,NIPdosenpembimbing) VALUES ('201612012','2014020823111960');
INSERT INTO DOSEN_PEMBIMBING (IDMKS,NIPdosenpembimbing) VALUES ('201612012','2016030412121970');
INSERT INTO DOSEN_PEMBIMBING (IDMKS,NIPdosenpembimbing) VALUES ('201612013','2011030509091980');
INSERT INTO DOSEN_PEMBIMBING (IDMKS,NIPdosenpembimbing) VALUES ('201612014','2010020521111960');
INSERT INTO DOSEN_PEMBIMBING (IDMKS,NIPdosenpembimbing) VALUES ('201612014','2005030502021930');
INSERT INTO DOSEN_PEMBIMBING (IDMKS,NIPdosenpembimbing) VALUES ('201612015','2009010526061930');
INSERT INTO DOSEN_PEMBIMBING (IDMKS,NIPdosenpembimbing) VALUES ('201612015','2011021303051960');
INSERT INTO DOSEN_PEMBIMBING (IDMKS,NIPdosenpembimbing) VALUES ('201612016','2008020531081940');
INSERT INTO DOSEN_PEMBIMBING (IDMKS,NIPdosenpembimbing) VALUES ('201612017','2005030502021930');
INSERT INTO DOSEN_PEMBIMBING (IDMKS,NIPdosenpembimbing) VALUES ('201612018','2014030513041960');
INSERT INTO DOSEN_PEMBIMBING (IDMKS,NIPdosenpembimbing) VALUES ('201612019','2015010517041950');
INSERT INTO DOSEN_PEMBIMBING (IDMKS,NIPdosenpembimbing) VALUES ('201612019','2011030509091980');
INSERT INTO DOSEN_PEMBIMBING (IDMKS,NIPdosenpembimbing) VALUES ('201612020','2016030412121970');
INSERT INTO DOSEN_PEMBIMBING (IDMKS,NIPdosenpembimbing) VALUES ('201612021','2012010530051950');
INSERT INTO DOSEN_PEMBIMBING (IDMKS,NIPdosenpembimbing) VALUES ('201612022','2011030509091980');
INSERT INTO DOSEN_PEMBIMBING (IDMKS,NIPdosenpembimbing) VALUES ('201612023','2010020521111960');
INSERT INTO DOSEN_PEMBIMBING (IDMKS,NIPdosenpembimbing) VALUES ('201612023','2008020531081940');
INSERT INTO DOSEN_PEMBIMBING (IDMKS,NIPdosenpembimbing) VALUES ('201612024','2009010526061930');
INSERT INTO DOSEN_PEMBIMBING (IDMKS,NIPdosenpembimbing) VALUES ('201612025','2008020531081940');
INSERT INTO DOSEN_PEMBIMBING (IDMKS,NIPdosenpembimbing) VALUES ('201612026','2005030502021930');
INSERT INTO DOSEN_PEMBIMBING (IDMKS,NIPdosenpembimbing) VALUES ('201612027','2014030513041960');
INSERT INTO DOSEN_PEMBIMBING (IDMKS,NIPdosenpembimbing) VALUES ('201612028','2014011201021940');
INSERT INTO DOSEN_PEMBIMBING (IDMKS,NIPdosenpembimbing) VALUES ('201612029','2013031125041950');
INSERT INTO DOSEN_PEMBIMBING (IDMKS,NIPdosenpembimbing) VALUES ('201612029','2007010524071980');
INSERT INTO DOSEN_PEMBIMBING (IDMKS,NIPdosenpembimbing) VALUES ('201612030','2014020526061930');





INSERT INTO RUANGAN (IDRuangan,NamaRuangan) VALUES ('1101','A11');
INSERT INTO RUANGAN (IDRuangan,NamaRuangan) VALUES ('1202','A22');
INSERT INTO RUANGAN (IDRuangan,NamaRuangan) VALUES ('1103','A13');
INSERT INTO RUANGAN (IDRuangan,NamaRuangan) VALUES ('1301','A31');
INSERT INTO RUANGAN (IDRuangan,NamaRuangan) VALUES ('1203','A23');
INSERT INTO RUANGAN (IDRuangan,NamaRuangan) VALUES ('2401','B41');
INSERT INTO RUANGAN (IDRuangan,NamaRuangan) VALUES ('2302','B32');
INSERT INTO RUANGAN (IDRuangan,NamaRuangan) VALUES ('2501','B51');
INSERT INTO RUANGAN (IDRuangan,NamaRuangan) VALUES ('2604','B64');
INSERT INTO RUANGAN (IDRuangan,NamaRuangan) VALUES ('2201','B21');
INSERT INTO RUANGAN (IDRuangan,NamaRuangan) VALUES ('3309','C39');
INSERT INTO RUANGAN (IDRuangan,NamaRuangan) VALUES ('3102','C12');
INSERT INTO RUANGAN (IDRuangan,NamaRuangan) VALUES ('3205','C25');
INSERT INTO RUANGAN (IDRuangan,NamaRuangan) VALUES ('3202','C22');
INSERT INTO RUANGAN (IDRuangan,NamaRuangan) VALUES ('3301','C31');




INSERT INTO JADWAL_NON_SIDANG (IdJadwal,TanggalMulai,TanggalSelesai,Alasan,Repetisi,NIPDosen) VALUES ('12345','3/2/2016','3/7/2016','Anjing makan PR','Sekali','2014011201021940');
INSERT INTO JADWAL_NON_SIDANG (IdJadwal,TanggalMulai,TanggalSelesai,Alasan,Repetisi,NIPDosen) VALUES ('12346','4/11/2016','4/11/2016','Kejebak demo','Sekali','2013031125041950');
INSERT INTO JADWAL_NON_SIDANG (IdJadwal,TanggalMulai,TanggalSelesai,Alasan,Repetisi,NIPDosen) VALUES ('12347','3/8/2016','3/9/2016','Buyut meninggal','Mingguan','2014020526061930');
INSERT INTO JADWAL_NON_SIDANG (IdJadwal,TanggalMulai,TanggalSelesai,Alasan,Repetisi,NIPDosen) VALUES ('12348','4/7/2016','4/7/2016','Flu','Sekali','2014010622121970');
INSERT INTO JADWAL_NON_SIDANG (IdJadwal,TanggalMulai,TanggalSelesai,Alasan,Repetisi,NIPDosen) VALUES ('12349','5/7/2016','5/7/2016','seminar','Sekali','2014020823111960');
INSERT INTO JADWAL_NON_SIDANG (IdJadwal,TanggalMulai,TanggalSelesai,Alasan,Repetisi,NIPDosen) VALUES ('12350','6/6/2016','6/6/2016','Kelas','Sekali','2015030111051980');
INSERT INTO JADWAL_NON_SIDANG (IdJadwal,TanggalMulai,TanggalSelesai,Alasan,Repetisi,NIPDosen) VALUES ('12351','7/6/2016','7/16/2016','Pernikahan ','Mingguan','2016030412121970');
INSERT INTO JADWAL_NON_SIDANG (IdJadwal,TanggalMulai,TanggalSelesai,Alasan,Repetisi,NIPDosen) VALUES ('12352','8/5/2016','8/5/2016','Pernikahan Anak','Sekali','2011021303051960');
INSERT INTO JADWAL_NON_SIDANG (IdJadwal,TanggalMulai,TanggalSelesai,Alasan,Repetisi,NIPDosen) VALUES ('12353','9/4/2016','9/14/2016','Cuti','Sekali','2012010530051950');
INSERT INTO JADWAL_NON_SIDANG (IdJadwal,TanggalMulai,TanggalSelesai,Alasan,Repetisi,NIPDosen) VALUES ('12354','10/4/2016','10/4/2016','Cucu meninggal','Mingguan','2011030509091980');
INSERT INTO JADWAL_NON_SIDANG (IdJadwal,TanggalMulai,TanggalSelesai,Alasan,Repetisi,NIPDosen) VALUES ('12355','11/3/2016','11/3/2016','Banjir','Sekali','2010020521111960');
INSERT INTO JADWAL_NON_SIDANG (IdJadwal,TanggalMulai,TanggalSelesai,Alasan,Repetisi,NIPDosen) VALUES ('12356','12/3/2016','12/3/2016','Gempa','Sekali','2009010526061930');
INSERT INTO JADWAL_NON_SIDANG (IdJadwal,TanggalMulai,TanggalSelesai,Alasan,Repetisi,NIPDosen) VALUES ('12357','1/2/2017','1/2/2017','Tornado','Sekali','2008020531081940');
INSERT INTO JADWAL_NON_SIDANG (IdJadwal,TanggalMulai,TanggalSelesai,Alasan,Repetisi,NIPDosen) VALUES ('12358','2/1/2017','2/1/2017','Taifun','Sekali','2005030502021930');
INSERT INTO JADWAL_NON_SIDANG (IdJadwal,TanggalMulai,TanggalSelesai,Alasan,Repetisi,NIPDosen) VALUES ('12359','3/3/2017','3/3/2017','ElNino','Sekali','2014030513041960');
INSERT INTO JADWAL_NON_SIDANG (IdJadwal,TanggalMulai,TanggalSelesai,Alasan,Repetisi,NIPDosen) VALUES ('12360','4/2/2017','4/22/2017','Hujan Badai','Mingguan','2015010517041950');
INSERT INTO JADWAL_NON_SIDANG (IdJadwal,TanggalMulai,TanggalSelesai,Alasan,Repetisi,NIPDosen) VALUES ('12361','5/2/2017','5/2/2017','Tsunami','Sekali','2007010524071980');
INSERT INTO JADWAL_NON_SIDANG (IdJadwal,TanggalMulai,TanggalSelesai,Alasan,Repetisi,NIPDosen) VALUES ('12362','6/1/2017','6/1/2017','Pengobatan Kanker','Sekali','2016030525091980');
INSERT INTO JADWAL_NON_SIDANG (IdJadwal,TanggalMulai,TanggalSelesai,Alasan,Repetisi,NIPDosen) VALUES ('12363','7/1/2017','7/19/2017','Pamali','Sekali','2015020529101970');
INSERT INTO JADWAL_NON_SIDANG (IdJadwal,TanggalMulai,TanggalSelesai,Alasan,Repetisi,NIPDosen) VALUES ('12364','7/31/2017','7/31/2017','Sidang Cerai','Sekali','2011010501111950');
INSERT INTO JADWAL_NON_SIDANG (IdJadwal,TanggalMulai,TanggalSelesai,Alasan,Repetisi,NIPDosen) VALUES ('12365','8/30/2017','8/30/2017','Kelas','Sekali','2011021303051960');
INSERT INTO JADWAL_NON_SIDANG (IdJadwal,TanggalMulai,TanggalSelesai,Alasan,Repetisi,NIPDosen) VALUES ('12366','9/29/2017','9/29/2017','Pernikahan ','Sekali','2012010530051950');
INSERT INTO JADWAL_NON_SIDANG (IdJadwal,TanggalMulai,TanggalSelesai,Alasan,Repetisi,NIPDosen) VALUES ('12367','10/29/2017','10/29/2017','Pernikahan Anak','Sekali','2011030509091980');
INSERT INTO JADWAL_NON_SIDANG (IdJadwal,TanggalMulai,TanggalSelesai,Alasan,Repetisi,NIPDosen) VALUES ('12368','11/28/2017','11/28/2017','Cuti','Sekali','2010020521111960');
INSERT INTO JADWAL_NON_SIDANG (IdJadwal,TanggalMulai,TanggalSelesai,Alasan,Repetisi,NIPDosen) VALUES ('12369','12/28/2017','12/28/2017','Cucu meninggal','Mingguan','2009010526061930');
INSERT INTO JADWAL_NON_SIDANG (IdJadwal,TanggalMulai,TanggalSelesai,Alasan,Repetisi,NIPDosen) VALUES ('12370','1/27/2018','1/27/2018','Banjir','Sekali','2008020531081940');
INSERT INTO JADWAL_NON_SIDANG (IdJadwal,TanggalMulai,TanggalSelesai,Alasan,Repetisi,NIPDosen) VALUES ('12371','2/26/2018','2/28/2018','Gempa','Sekali','2014030513041960');
INSERT INTO JADWAL_NON_SIDANG (IdJadwal,TanggalMulai,TanggalSelesai,Alasan,Repetisi,NIPDosen) VALUES ('12372','3/28/2018','3/28/2018','Tornado','Sekali','2015010517041950');
INSERT INTO JADWAL_NON_SIDANG (IdJadwal,TanggalMulai,TanggalSelesai,Alasan,Repetisi,NIPDosen) VALUES ('12373','4/27/2018','5/2/2018','ElNino','Sekali','2007010524071980');
INSERT INTO JADWAL_NON_SIDANG (IdJadwal,TanggalMulai,TanggalSelesai,Alasan,Repetisi,NIPDosen) VALUES ('12374','5/27/2018','5/27/2018','Hujan Badai','Sekali','2016030525091980');





INSERT INTO JADWAL_SIDANG (IdJadwal,IdMKS,Tanggal,JamMulai,JamSelesai,IDRuangan) VALUES ('13346','201612001','11/7/2016','16:00:00','17:00:00','1101');
INSERT INTO JADWAL_SIDANG (IdJadwal,IdMKS,Tanggal,JamMulai,JamSelesai,IDRuangan) VALUES ('13347','201612002','11/9/2016','10:00:00','13:00:00','1202');
INSERT INTO JADWAL_SIDANG (IdJadwal,IdMKS,Tanggal,JamMulai,JamSelesai,IDRuangan) VALUES ('13348','201612003','11/11/2016','11:00:00','14:00:00','1103');
INSERT INTO JADWAL_SIDANG (IdJadwal,IdMKS,Tanggal,JamMulai,JamSelesai,IDRuangan) VALUES ('13349','201612004','11/13/2016','12:00:00','15:00:00','1101');
INSERT INTO JADWAL_SIDANG (IdJadwal,IdMKS,Tanggal,JamMulai,JamSelesai,IDRuangan) VALUES ('13350','201612005','11/15/2016','13:00:00','16:00:00','1101');
INSERT INTO JADWAL_SIDANG (IdJadwal,IdMKS,Tanggal,JamMulai,JamSelesai,IDRuangan) VALUES ('13351','201612006','11/17/2016','14:00:00','17:00:00','1202');
INSERT INTO JADWAL_SIDANG (IdJadwal,IdMKS,Tanggal,JamMulai,JamSelesai,IDRuangan) VALUES ('13352','201612007','11/19/2016','15:00:00','16:00:00','1103');
INSERT INTO JADWAL_SIDANG (IdJadwal,IdMKS,Tanggal,JamMulai,JamSelesai,IDRuangan) VALUES ('13353','201612008','11/21/2016','16:00:00','17:00:00','1301');
INSERT INTO JADWAL_SIDANG (IdJadwal,IdMKS,Tanggal,JamMulai,JamSelesai,IDRuangan) VALUES ('13354','201612009','11/23/2016','17:00:00','18:00:00','1203');
INSERT INTO JADWAL_SIDANG (IdJadwal,IdMKS,Tanggal,JamMulai,JamSelesai,IDRuangan) VALUES ('13355','201612010','11/25/2016','11:00:00','12:00:00','2401');
INSERT INTO JADWAL_SIDANG (IdJadwal,IdMKS,Tanggal,JamMulai,JamSelesai,IDRuangan) VALUES ('13356','201612011','11/27/2016','12:00:00','13:00:00','2302');
INSERT INTO JADWAL_SIDANG (IdJadwal,IdMKS,Tanggal,JamMulai,JamSelesai,IDRuangan) VALUES ('13357','201612012','11/29/2016','13:00:00','14:00:00','2501');
INSERT INTO JADWAL_SIDANG (IdJadwal,IdMKS,Tanggal,JamMulai,JamSelesai,IDRuangan) VALUES ('13358','201612013','12/1/2016','14:00:00','15:00:00','2604');
INSERT INTO JADWAL_SIDANG (IdJadwal,IdMKS,Tanggal,JamMulai,JamSelesai,IDRuangan) VALUES ('13359','201612014','12/3/2016','15:00:00','16:00:00','2201');
INSERT INTO JADWAL_SIDANG (IdJadwal,IdMKS,Tanggal,JamMulai,JamSelesai,IDRuangan) VALUES ('13360','201612015','12/5/2016','16:00:00','17:00:00','3309');
INSERT INTO JADWAL_SIDANG (IdJadwal,IdMKS,Tanggal,JamMulai,JamSelesai,IDRuangan) VALUES ('13361','201612016','12/7/2016','17:00:00','18:00:00','3102');
INSERT INTO JADWAL_SIDANG (IdJadwal,IdMKS,Tanggal,JamMulai,JamSelesai,IDRuangan) VALUES ('13362','201612017','12/9/2016','18:00:00','19:00:00','1101');
INSERT INTO JADWAL_SIDANG (IdJadwal,IdMKS,Tanggal,JamMulai,JamSelesai,IDRuangan) VALUES ('13363','201612018','12/11/2016','19:00:00','20:00:00','1202');
INSERT INTO JADWAL_SIDANG (IdJadwal,IdMKS,Tanggal,JamMulai,JamSelesai,IDRuangan) VALUES ('13364','201612019','12/13/2016','10:00:00','11:00:00','1103');
INSERT INTO JADWAL_SIDANG (IdJadwal,IdMKS,Tanggal,JamMulai,JamSelesai,IDRuangan) VALUES ('13365','201612020','12/15/2016','11:00:00','12:00:00','1301');
INSERT INTO JADWAL_SIDANG (IdJadwal,IdMKS,Tanggal,JamMulai,JamSelesai,IDRuangan) VALUES ('13366','201612021','12/17/2016','12:00:00','13:00:00','1203');
INSERT INTO JADWAL_SIDANG (IdJadwal,IdMKS,Tanggal,JamMulai,JamSelesai,IDRuangan) VALUES ('13367','201612022','12/19/2016','13:00:00','14:00:00','2401');
INSERT INTO JADWAL_SIDANG (IdJadwal,IdMKS,Tanggal,JamMulai,JamSelesai,IDRuangan) VALUES ('13368','201612023','12/21/2016','14:00:00','15:00:00','2302');
INSERT INTO JADWAL_SIDANG (IdJadwal,IdMKS,Tanggal,JamMulai,JamSelesai,IDRuangan) VALUES ('13369','201612024','12/23/2016','15:00:00','16:00:00','2501');
INSERT INTO JADWAL_SIDANG (IdJadwal,IdMKS,Tanggal,JamMulai,JamSelesai,IDRuangan) VALUES ('13370','201612025','12/25/2016','16:00:00','17:00:00','2604');
INSERT INTO JADWAL_SIDANG (IdJadwal,IdMKS,Tanggal,JamMulai,JamSelesai,IDRuangan) VALUES ('13371','201612026','12/27/2016','17:00:00','18:00:00','2201');
INSERT INTO JADWAL_SIDANG (IdJadwal,IdMKS,Tanggal,JamMulai,JamSelesai,IDRuangan) VALUES ('13372','201612027','12/29/2016','18:00:00','19:00:00','3309');
INSERT INTO JADWAL_SIDANG (IdJadwal,IdMKS,Tanggal,JamMulai,JamSelesai,IDRuangan) VALUES ('13373','201612028','12/31/2016','19:00:00','20:00:00','3102');
INSERT INTO JADWAL_SIDANG (IdJadwal,IdMKS,Tanggal,JamMulai,JamSelesai,IDRuangan) VALUES ('13374','201612029','1/2/2017','16:00:00','17:00:00','3205');
INSERT INTO JADWAL_SIDANG (IdJadwal,IdMKS,Tanggal,JamMulai,JamSelesai,IDRuangan) VALUES ('13375','201612030','1/4/2017','17:00:00','18:00:00','3202');





INSERT INTO BERKAS (IDBerkas,IdMKS,Nama,Alamat) VALUES ('11111','201612001','Terapi Batu Giok','giok.com');
INSERT INTO BERKAS (IDBerkas,IdMKS,Nama,Alamat) VALUES ('11112','201612002','Efek Rumah Kaca','efk.com');
INSERT INTO BERKAS (IDBerkas,IdMKS,Nama,Alamat) VALUES ('11113','201612001',' Akuntansi Perhitungan Pajak ','app.com');
INSERT INTO BERKAS (IDBerkas,IdMKS,Nama,Alamat) VALUES ('11114','201612002','Algoritma Enkripsi Rijndae','rijndael.com');
INSERT INTO BERKAS (IDBerkas,IdMKS,Nama,Alamat) VALUES ('11115','201612003','Text To Speech','tts.com');
INSERT INTO BERKAS (IDBerkas,IdMKS,Nama,Alamat) VALUES ('11116','201612004','Komputerisasi Data Nilai Uji Kompetensi','kompeten.id');
INSERT INTO BERKAS (IDBerkas,IdMKS,Nama,Alamat) VALUES ('11117','201612005','Membangun Jaringan PC Cloning','clone.uk');
INSERT INTO BERKAS (IDBerkas,IdMKS,Nama,Alamat) VALUES ('11118','201612006','Perangkat Lunak Pengelolaan Data Counter ','counter.com');
INSERT INTO BERKAS (IDBerkas,IdMKS,Nama,Alamat) VALUES ('11119','201612007','Pengaruh Kecerdasan Emosional','emote.go.id');
INSERT INTO BERKAS (IDBerkas,IdMKS,Nama,Alamat) VALUES ('11120','201612008','Perbandingan Hasil Belajar','bela.tk');
INSERT INTO BERKAS (IDBerkas,IdMKS,Nama,Alamat) VALUES ('11121','201612009','Penerapan Pembelajaran Kontekstual','kons.edu');
INSERT INTO BERKAS (IDBerkas,IdMKS,Nama,Alamat) VALUES ('11122','201612010','Keefektifan Penggunaan Model Pembelajaran Kooperatif ','koop.com');
INSERT INTO BERKAS (IDBerkas,IdMKS,Nama,Alamat) VALUES ('11123','201612011','Pembelajaran Kooperatif Tipe Jigsaw','jigsaw.id');
INSERT INTO BERKAS (IDBerkas,IdMKS,Nama,Alamat) VALUES ('11124','201612012','Aktivitas Peserta Didik Pada Pembelajaran Operasi Hitung','hitung.tk');
INSERT INTO BERKAS (IDBerkas,IdMKS,Nama,Alamat) VALUES ('11125','201612013','Meningkatkan Pencapaian Kompetensi Dasar','dasar.edu');
INSERT INTO BERKAS (IDBerkas,IdMKS,Nama,Alamat) VALUES ('11126','201612014','Keefektifan Model Pembelajaran Kooperatif Stad','paya.com');
INSERT INTO BERKAS (IDBerkas,IdMKS,Nama,Alamat) VALUES ('11127','201612015','Upaya Peningkatan Hasil Belajar ','struk.com');
INSERT INTO BERKAS (IDBerkas,IdMKS,Nama,Alamat) VALUES ('11128','201612016','Keefektifan Penggunaan Lembar Kerja Terstruktur','effe.com');
INSERT INTO BERKAS (IDBerkas,IdMKS,Nama,Alamat) VALUES ('11129','201612017','Akuntansi Pertanggung Jawaban ','jas.co.id');
INSERT INTO BERKAS (IDBerkas,IdMKS,Nama,Alamat) VALUES ('11130','201612030','Efisiensi Penggunaan Modal Kerja ','modal.com');
INSERT INTO BERKAS (IDBerkas,IdMKS,Nama,Alamat) VALUES ('11131','201612019','Kegiatan Usaha Pada Perusahaan Konveksi ','konveksi.com');
INSERT INTO BERKAS (IDBerkas,IdMKS,Nama,Alamat) VALUES ('11132','201612001','Penadapatan Petani Cabai','giok.com');
INSERT INTO BERKAS (IDBerkas,IdMKS,Nama,Alamat) VALUES ('11133','201612002','Faktor-Faktor Yang Mempengaruhi Alokasi KUK','efk.com');
INSERT INTO BERKAS (IDBerkas,IdMKS,Nama,Alamat) VALUES ('11134','201612003','Faktor Yang Mempengaruhi Inflasi','app.com');
INSERT INTO BERKAS (IDBerkas,IdMKS,Nama,Alamat) VALUES ('11135','201612004','Pengaruh Diferensiasi Produk Terhadap Kepuasan ','rijndael.com');
INSERT INTO BERKAS (IDBerkas,IdMKS,Nama,Alamat) VALUES ('11136','201612005','Perkembangan Jumlah Kredit ','tts.com');
INSERT INTO BERKAS (IDBerkas,IdMKS,Nama,Alamat) VALUES ('11137','201612006','Permintaan Deposito Berjangka Rupiah ','kompeten.id');
INSERT INTO BERKAS (IDBerkas,IdMKS,Nama,Alamat) VALUES ('11138','201612007',' Perbedaan Kinerja Keuangan','clone.uk');
INSERT INTO BERKAS (IDBerkas,IdMKS,Nama,Alamat) VALUES ('11139','201612008','Struktur Aktiva','counter.com');
INSERT INTO BERKAS (IDBerkas,IdMKS,Nama,Alamat) VALUES ('11140','201612009','Bagi Hasil Bank Syariah','emote.go.id');
INSERT INTO BERKAS (IDBerkas,IdMKS,Nama,Alamat) VALUES ('11141','201612010','Evaluasi Sistem Dan Prosedur Pembelian','bela.tk');
INSERT INTO BERKAS (IDBerkas,IdMKS,Nama,Alamat) VALUES ('11142','201612011','Faktor Pembelian di Cofee Shop','kons.edu');
INSERT INTO BERKAS (IDBerkas,IdMKS,Nama,Alamat) VALUES ('11143','201612012','Faktor Permintaan Timah Putih Indonesia','koop.com');
INSERT INTO BERKAS (IDBerkas,IdMKS,Nama,Alamat) VALUES ('11144','201612013','A Study In English Varieties Used By Vendors','jigsaw.id');
INSERT INTO BERKAS (IDBerkas,IdMKS,Nama,Alamat) VALUES ('11145','201612014','An Analysis Of The Main Character','hitung.tk');
INSERT INTO BERKAS (IDBerkas,IdMKS,Nama,Alamat) VALUES ('11146','201612015','A Study On Teaching English Using Games','dasar.edu');
INSERT INTO BERKAS (IDBerkas,IdMKS,Nama,Alamat) VALUES ('11147','201612016','An Error Analysis On The Use Of Simple Present Tense','paya.com');
INSERT INTO BERKAS (IDBerkas,IdMKS,Nama,Alamat) VALUES ('11148','201612017','Analisis Makna Implisit','struk.com');
INSERT INTO BERKAS (IDBerkas,IdMKS,Nama,Alamat) VALUES ('11149','201612018','Effectivity Of Contextual Instruction With Cooperative Approach ','effe.com');
INSERT INTO BERKAS (IDBerkas,IdMKS,Nama,Alamat) VALUES ('11150','201612019','Effects Of Pre Questioning On The Reading Comprehension ','jas.co.id');
INSERT INTO BERKAS (IDBerkas,IdMKS,Nama,Alamat) VALUES ('11151','201612020','Kurangnya perbendaharaan kosa kata siswa ','modal.com');
INSERT INTO BERKAS (IDBerkas,IdMKS,Nama,Alamat) VALUES ('11152','201612021','Student’s Learning Achievement','konveksi.com');
INSERT INTO BERKAS (IDBerkas,IdMKS,Nama,Alamat) VALUES ('11153','201612022','Teaching Reading Comprehension Using Communicative Approach','giok.com');
INSERT INTO BERKAS (IDBerkas,IdMKS,Nama,Alamat) VALUES ('11154','201612023','The Use Of Brochures And Pamphlets','efk.com');
INSERT INTO BERKAS (IDBerkas,IdMKS,Nama,Alamat) VALUES ('11155','201612024',' Efisiensi Pembelajaran Bahasa Inggris Pada Siswa','app.com');
INSERT INTO BERKAS (IDBerkas,IdMKS,Nama,Alamat) VALUES ('11156','201612025',' Tingkat Keterdedahan pada Kegiatan MPR','rijndael.com');
INSERT INTO BERKAS (IDBerkas,IdMKS,Nama,Alamat) VALUES ('11157','201612026','Kegiatan Employee Relations','tts.com');
INSERT INTO BERKAS (IDBerkas,IdMKS,Nama,Alamat) VALUES ('11158','201612027','Faktor Yang Mempengaruhi Perilaku Konsumen','kompeten.id');
INSERT INTO BERKAS (IDBerkas,IdMKS,Nama,Alamat) VALUES ('11159','201612028','Minat Menonton Film','clone.uk');
INSERT INTO BERKAS (IDBerkas,IdMKS,Nama,Alamat) VALUES ('11160','201612029','Hubungan Consumer Relations','counter.com');


